,index,무인교통단속카메라관리번호,시도명,시군구명,도로종류,도로노선번호,도로노선명,도로노선방향,소재지도로명주소,소재지지번주소,위도,경도,설치장소,단속구분,제한속도,단속구간위치구분,과속단속구간길이,보호구역구분,설치연도,관리기관명,관리기관전화번호,데이터기준일자,제공기관코드,제공기관명,지역
2,704,43,서울특별시,강북구,일반국도,3번,삼양로,2,서울특별시 강북구 삼양로 416,,37.64061418,127.0171631,가오리소방서 앞 사거리,4,0,,,99,2020,서울특별시 강북구청,02-901-5964,2021-11-03,3080000,서울특별시 강북구,서울
3,705,44,서울특별시,강북구,일반국도,3번,삼양로,2,서울특별시 강북구 삼양로24길 19,,37.61744965,127.0219965,송천동 성당 앞,4,0,,,99,2020,서울특별시 강북구청,02-901-5964,2021-11-03,3080000,서울특별시 강북구,서울
4,706,45,서울특별시,강북구,일반국도,3번,삼양로,2,서울특별시 강북구 삼양로54길 60,,37.62328133,127.0213105,강북청소년문화정보도서관 인근,4,0,,,99,2020,서울특별시 강북구청,02-901-5964,2021-11-03,3080000,서울특별시 강북구,서울
23,750,35,서울특별시,강북구,일반국도,3번,오패산로,3,서울특별시 강북구 오패산로30길 30,,37.61635549,127.0356169,경남아너스빌 103동,4,0,,,99,2018,서울특별시 강북구청,02-901-5964,2021-11-03,3080000,서울특별시 강북구,서울
24,751,36,서울특별시,강북구,일반국도,3번,솔샘로,3,서울특별시 강북구 솔샘로 331,,37.61739162,127.0291006,조이마트,4,0,,,99,2018,서울특별시 강북구청,02-901-5964,2021-11-03,3080000,서울특별시 강북구,서울
25,752,37,서울특별시,강북구,일반국도,3번,삼양로,3,서울특별시 강북구 삼양로77길 95,,37.6277126,127.0130457,삼흥연립,4,0,,,99,2018,서울특별시 강북구청,02-901-5964,2021-11-03,3080000,서울특별시 강북구,서울
26,753,38,서울특별시,강북구,일반국도,3번,삼양로,3,서울특별시 강북구 삼양로77길 66,,37.6287011,127.0149752,빨래곳 방앗간,4,0,,,99,2018,서울특별시 강북구청,02-901-5964,2021-11-03,3080000,서울특별시 강북구,서울
27,754,39,서울특별시,강북구,일반국도,3번,삼양로,3,서울특별시 강북구 삼양로77길 38,,37.6294416,127.0161425,한빛예술단,4,0,,,99,2018,서울특별시 강북구청,02-901-5964,2021-11-03,3080000,서울특별시 강북구,서울
28,755,40,서울특별시,강북구,일반국도,3번,삼양로,3,서울특별시 강북구 삼양로145길 7,,37.65154554,127.0122203,솔밭근린공원,4,0,,,99,2020,서울특별시 강북구청,02-901-5964,2021-11-03,3080000,서울특별시 강북구,서울
29,756,41,서울특별시,강북구,일반국도,3번,솔샘로,1,서울특별시 강북구 솔샘로 229-1,,37.62014362,127.0182276,미양 온누리약국,4,0,,,99,2020,서울특별시 강북구청,02-901-5964,2021-11-03,3080000,서울특별시 강북구,서울
30,757,42,서울특별시,강북구,일반국도,3번,인수봉로,3,서울특별시 강북구 인수봉로23가길 3,,37.62770912,127.0118222,SH스카이 아파트,4,0,,,99,2020,서울특별시 강북구청,02-901-5964,2021-11-03,3080000,서울특별시 강북구,서울
45,2273,주차56,서울특별시,강동구,시도,0,아리수로,1,서울특별시 강동구 아리수로50길 50,서울특별시 강동구 고덕동 688,37.55768914,127.149669,두레근린공원사거리,4,0,,200,,2019,서울특별시 강동구청,02-3425-6317,2021-08-24,3240000,서울특별시 강동구,서울
46,2274,주차57,서울특별시,강동구,시도,0,성안로,2,서울특별시 강동구 성안로 76,서울특별시 강동구 성내동 409-3,37.530378,127.132033,농협입구교차로,4,0,,200,,2019,서울특별시 강동구청,02-3425-6317,2021-08-24,3240000,서울특별시 강동구,서울
47,2275,주차58,서울특별시,강동구,시도,0,상일로,3,서울특별시 강동구 상일로11길 110,서울특별시 강동구 상일동 520-5,37.553392,127.165104,고현초교 앞,4,0,,200,2,2020,서울특별시 강동구청,02-3425-6317,2021-08-24,3240000,서울특별시 강동구,서울
48,2276,주차59,서울특별시,강동구,시도,0,양재대로,3,서울특별시 강동구 양재대로156길 11,서울특별시 강동구 고덕동 487-15,37.556636,127.144803,명덕초교 앞,4,0,,200,2,2020,서울특별시 강동구청,02-3425-6317,2021-08-24,3240000,서울특별시 강동구,서울
49,2277,주차60,서울특별시,강동구,시도,0,고덕로,3,서울특별시 강동구 고덕로80길 7,서울특별시 강동구 상일동 520-2,37.556539,127.165508,상일파출소 앞,4,0,,200,,2020,서울특별시 강동구청,02-3425-6317,2021-08-24,3240000,서울특별시 강동구,서울
50,2278,주차61,서울특별시,강동구,시도,0,구천면로,1,서울특별시 강동구 구천면로93길 20,서울특별시 강동구 상일동 125,37.55154262,127.168561,고일초교 앞,4,0,,200,2,2020,서울특별시 강동구청,02-3425-6317,2021-08-24,3240000,서울특별시 강동구,서울
51,2279,주차62,서울특별시,강동구,시도,0,고덕로,1,서울특별시 강동구 고덕로46길 53,서울특별시 강동구 명일동 296-1,37.552208,127.146122,고명초교 앞,4,0,,200,2,2020,서울특별시 강동구청,02-3425-6317,2021-08-24,3240000,서울특별시 강동구,서울
52,2280,주차63,서울특별시,강동구,시도,0,아리수로,3,서울특별시 강동구 아리수로98길 24,서울특별시 강동구 강일동 685,37.564392,127.178237,강일초교 앞,4,0,,200,2,2020,서울특별시 강동구청,02-3425-6317,2021-08-24,3240000,서울특별시 강동구,서울
53,2281,주차64,서울특별시,강동구,시도,0,명일로,1,서울특별시 강동구 명일로 262,서울특별시 강동구 길동 82-4,37.542021,127.147479,강동에코포레,4,0,,200,2,2020,서울특별시 강동구청,02-3425-6317,2021-08-24,3240000,서울특별시 강동구,서울
54,2282,주차65,서울특별시,강동구,시도,0,상일로,2,서울특별시 강동구 상일로15길 24,서울특별시 강동구 고덕동 193-3,37.558169,127.169929,고덕센트럴푸르지오,4,0,,200,,2020,서울특별시 강동구청,02-3425-6317,2021-08-24,3240000,서울특별시 강동구,서울
55,2283,주차66,서울특별시,강동구,시도,0,고덕로,3,서울특별시 강동구 고덕로97길 80,서울특별시 강동구 강일동 694,37.56186962,127.1802671,강솔초교 앞,4,0,,200,2,2020,서울특별시 강동구청,02-3425-6317,2021-08-24,3240000,서울특별시 강동구,서울
56,2284,주차67,서울특별시,강동구,시도,0,고덕로,3,서울특별시 강동구 고덕로80길 123,서울특별시 강동구 상일동 513,37.55093094,127.1655961,강동고교입구 교차로,4,0,,200,,2020,서울특별시 강동구청,02-3425-6317,2021-08-24,3240000,서울특별시 강동구,서울
62,2478,주정차단속-097,서울특별시,마포구,구도,48,월드컵북로,3,서울특별시 마포구 월드컵북로 332,,37.57588127,126.8949827,서동한우 주변,4,0,,,,2016,마포구청,02-3153-9655,2020-10-29,3130000,서울특별시 마포구,서울
63,2479,주정차단속-098,서울특별시,마포구,구도,없음,대흥로20길,3,서울특별시 마포구 대흥로20길 28,,37.54990609,126.946079,마포자이A3차주변,4,0,,,2,2019,마포구청,02-3153-9655,2020-10-29,3130000,서울특별시 마포구,서울
64,2480,주정차단속-099,서울특별시,마포구,구도,없음,백범로17길,3,서울특별시 마포구 백범로17길 38,,37.548775,126.944537,용강초등학교 후문 주변,4,0,,,2,2019,마포구청,02-3153-9655,2020-10-29,3130000,서울특별시 마포구,서울
65,2481,주정차단속-100,서울특별시,마포구,구도,없음,양화로18길,3,서울특별시 마포구 양화로18길 3,,37.557138,126.9245703,홍대입구역 8번출구 주변,4,0,,,,2019,마포구청,02-3153-9655,2020-10-29,3130000,서울특별시 마포구,서울
66,2482,주정차단속-101,서울특별시,마포구,구도,없음,독막로,3,서울특별시 마포구 독막로 210,,37.547256,126.936958,성원아파트 주변,4,0,,,2,2019,마포구청,02-3153-9655,2020-10-29,3130000,서울특별시 마포구,서울
67,2483,주정차단속-102,서울특별시,마포구,구도,없음,마포대로11길,3,서울특별시 마포구 마포대로11길 84,,37.548872,126.950461,마포현대아파트 상가 주변,4,0,,,,2019,마포구청,02-3153-9655,2020-10-29,3130000,서울특별시 마포구,서울
68,2484,주정차단속-103,서울특별시,마포구,구도,없음,대흥로,3,서울특별시 마포구 대흥로 104,,37.549023,126.942999,세헌오피스텔 주변,4,0,,,,2020,마포구청,02-3153-9655,2020-10-29,3130000,서울특별시 마포구,서울
69,2485,주정차단속-104,서울특별시,마포구,구도,없음,신촌로,3,서울특별시 마포구 신촌로 182,,37.555331,126.945844,신촌그랑자이 주변,4,0,,,,2020,마포구청,02-3153-9655,2020-10-29,3130000,서울특별시 마포구,서울
70,2486,주정차단속-105,서울특별시,마포구,구도,없음,양화로,3,서울특별시 마포구 양화로 72,,37.551297,126.916565,효성해링턴타워(서교빌딩 쪽) 주변,4,0,,,,2020,마포구청,02-3153-9655,2020-10-29,3130000,서울특별시 마포구,서울
71,2487,주정차단속-106,서울특별시,마포구,구도,없음,양화로,3,서울특별시 마포구 양화로 72,,37.550898,126.916033,효성해링턴타워(한동빌딩 쪽) 주변,4,0,,,,2020,마포구청,02-3153-9655,2020-10-29,3130000,서울특별시 마포구,서울
72,2488,주정차단속-107,서울특별시,마포구,구도,없음,어울마당로,3,서울특별시 마포구 어울마당로 65,,37.550707,126.921242,홍대 상상마당 주변,4,0,,,,2020,마포구청,02-3153-9655,2020-10-29,3130000,서울특별시 마포구,서울
86,2564,주차50,서울특별시,강동구,구도,0,상일로10길,3,서울특별시 강동구 상일로10길 36,서울특별시 강동구 상일동 501,37.5508023,127.1740049,고덕리엔파크3단지 서문,4,0,,200,2,2016,서울특별시 강동구청,02-3425-6317,2021-08-24,3240000,서울특별시 강동구,서울
87,2565,주차51,서울특별시,강동구,시도,0,진황도로,2,서울특별시 강동구 진황도로 190,서울특별시 강동구 둔촌동 75-6,37.52925982,127.142983,보훈병원 사거리,4,0,,200,2,2017,서울특별시 강동구청,02-3425-6317,2021-08-24,3240000,서울특별시 강동구,서울
88,2566,주차52,서울특별시,강동구,시도,0,올림픽로,3,서울특별시 강동구 올림픽로721,서울특별시 강동구 천호동 323-6,37.5457433,127.125758,천호공원 사거리,4,0,,200,,2017,서울특별시 강동구청,02-3425-6317,2021-08-24,3240000,서울특별시 강동구,서울
89,2567,주차53,서울특별시,강동구,시도,0,상일로,3,서울특별시 강동구 상일로 21,서울특별시 강동구 상일동 284-7,37.5489164,127.1729356,삼성엔지니어링 입구 사거리,4,0,,200,,2018,서울특별시 강동구청,02-3425-6317,2021-08-24,3240000,서울특별시 강동구,서울
90,2568,주차54,서울특별시,강동구,시도,0,천호대로,3,서울특별시 강동구 천호대로 1032,서울특별시 강동구 성내동 9-5,37.5373037,127.1265119,국민은행 천호역지점 앞,4,0,,200,,2018,서울특별시 강동구청,02-3425-6317,2021-08-24,3240000,서울특별시 강동구,서울
91,2569,주차55,서울특별시,강동구,시도,0,아리수로,3,서울특별시 강동구 아리수로 426,서울특별시 강동구 강일동 565,37.5637274,127.1746656,"강일3,6단지 교차로",4,0,,200,,2018,서울특별시 강동구청,02-3425-6317,2021-08-24,3240000,서울특별시 강동구,서울
125,4516,F9335,서울특별시,구로구,특별시도,,사가정로,2,서울특별시 구로구 오리로,서울특별시 구로구 오류동 213-4,37.48825,126.836806,오남중학교 입구,2,60,,,99,2016,서울지방경찰청,02-700-5031,2020-05-31,1320000,경찰청,서울
126,4517,F9336,서울특별시,도봉구,특별시도,,노해로,2,서울특별시 도봉구 노해로,서울특별시 도봉구 쌍문동 315-8,37.650056,127.02798,숭미초등학교 앞,2,30,,,2,2016,서울지방경찰청,02-700-5031,2020-05-31,1320000,경찰청,서울
127,4518,F9337,서울특별시,동대문구,특별시도,,국회대로,1,서울특별시 동대문 사가정로,서울특별시 동대문구 전농동 307-7,37.574515,127.053466,전농초등학교,2,40,,,2,2016,서울지방경찰청,02-700-5031,2020-05-31,1320000,경찰청,서울
128,4519,F9338,서울특별시,동작구,특별시도,,노량진로,2,서울특별시 동작구 노량진로 148,,37.513503,126.942742,동작경찰서 앞 삼거리,2,50,,,99,2016,서울지방경찰청,02-700-5031,2020-05-31,1320000,경찰청,서울
129,4520,F9339,서울특별시,마포구,특별시도,,가양대로,1,서울특별시 마포구 가양대로,서울특별시 마포구 상암동 1694-4,37.583334,126.882516,월드컵파크7단지 교차로,2,60,,,99,2016,서울지방경찰청,02-700-5031,2020-05-31,1320000,경찰청,서울
130,4521,F9340,서울특별시,마포구,고속국도,70번,강변북로,2,서울특별시 마포구 강변북로,서울특별시 마포구 망원동 229-3,37.552464,126.900251,구리방향 한강시민공원망원지구,1,80,,,99,2016,서울지방경찰청,02-700-5031,2020-05-31,1320000,경찰청,서울
131,4522,F9341,서울특별시,서대문구,고속국도,30번,내부순환로,2,서울특별시 서대문구 내부순환로,서울특별시 서대문구 연희동 172-87,37.578381,126.931944,두산@앞,1,70,,,99,2016,서울지방경찰청,02-700-5031,2020-05-31,1320000,경찰청,서울
132,4523,F9342,서울특별시,서초구,특별시도,,효령로,1,서울특별시 서초구 효령로,서울특별시 서초구 방배동 917-7,37.480058,126.993807,대우효령아파트 교차로,2,50,,,99,2016,서울지방경찰청,02-700-5031,2020-05-31,1320000,경찰청,서울
133,4524,F9343,서울특별시,성동구,특별시도,,고산자로,1,서울특별시 성동구 고산자로,서울특별시 성동구 성수동1가 685-355,37.547229,127.036727,응봉교 교차로,2,60,,,99,2016,서울지방경찰청,02-700-5031,2020-05-31,1320000,경찰청,서울
134,4525,F9344,서울특별시,성북구,특별시도,,동소문로,2,서울특별시 성북구 동소문로,서울특별시 성북구 성북동1가 50-2,37.58847,127.005595,한성대입구역 교차로,2,50,,,99,2016,서울지방경찰청,02-700-5031,2020-05-31,1320000,경찰청,서울
135,4526,F9345,서울특별시,성북구,특별시도,,화랑로,2,서울특별시 성북구 화랑로 368,,37.61556,127.068976,서울특별시민방위교육장 앞,2,60,,,99,2016,서울지방경찰청,02-700-5031,2020-05-31,1320000,경찰청,서울
136,4527,F9346,서울특별시,양천구,특별시도,,목동서로,2,서울특별시 양천구 목동서로,서울특별시 양천구 목동 901-7,37.537524,126.880805,목동신시가지1단지101동 앞,2,50,,,99,2016,서울지방경찰청,02-700-5031,2020-05-31,1320000,경찰청,서울
137,4528,F9347,서울특별시,영등포구,특별시도,,오리로,1,서울특별시 영등포 국회대로,서울특별시 영등포구 당산동3가 3-3,37.526636,126.901504,영등포경찰서건너편,2,60,,,99,2016,서울지방경찰청,02-700-5031,2020-05-31,1320000,경찰청,서울
138,4529,F9348,서울특별시,용산구,특별시도,,한강대로,1,서울특별시 용산구 한강대로,서울특별시 용산구 한강로1가 97,37.535846,126.974505,삼각지교차로,2,50,,,99,2016,서울지방경찰청,02-700-5031,2020-05-31,1320000,경찰청,서울
139,4530,F9349,서울특별시,은평구,특별시도,,수색로,2,서울특별시 은평구 수색로,서울특별시 은평구 수색동 407-2,37.586826,126.887184,수색교,2,50,,,99,2016,서울지방경찰청,02-700-5031,2020-05-31,1320000,경찰청,서울
140,4531,F9350,서울특별시,은평구,특별시도,,연서로,1,서울특별시 은평구 연서로,서울특별시 은평구 진관동 128-45,37.64278,126.938891,진관사입구 교차로,2,50,,,99,2016,서울지방경찰청,02-700-5031,2020-05-31,1320000,경찰청,서울
141,4532,F9351,서울특별시,중랑구,특별시도,,용마산로,1,서울특별시 중랑구 용마산로 363,,37.584507,127.094309,중화중학교 앞,2,60,,,99,2016,서울지방경찰청,02-700-5031,2020-05-31,1320000,경찰청,서울
145,4542,F8695,서울특별시,송파구,특별시도,,중대로,1,서울특별시 송파구 중대로,서울특별시 송파구 오금동 89,37.507481,127.133137,백토공원사거리,2,50,,,99,2017,서울지방경찰청,02-700-5031,2020-05-31,1320000,경찰청,서울
146,4543,F9093,서울특별시,관악구,특별시도,,난곡로,1,서울특별시 관악구 난곡로,서울특별시 관악구 신림동 637-15,37.470062,126.920132,우림시장앞,2,30,,,2,2016,서울지방경찰청,02-700-5031,2020-05-31,1320000,경찰청,서울
147,4544,F9094,서울특별시,관악구,특별시도,,호암로,1,서울특별시 관악구 호암로,서울특별시 관악구 신림동 산 102-13,37.459187,126.922685,관악산 휴먼시아아파트 앞,2,40,,,99,2016,서울지방경찰청,02-700-5031,2020-05-31,1320000,경찰청,서울
148,4545,F9095,서울특별시,관악구,특별시도,,관악로,1,서울특별시 관악구 관악로,서울특별시 관악구 봉천동 1596-8,37.475738,126.952838,청룡초등학교입구,2,60,,,99,2016,서울지방경찰청,02-700-5031,2020-05-31,1320000,경찰청,서울
149,4546,F9096,서울특별시,중구,특별시도,,세종대로,1,서울특별시 중구 세종대로,서울특별시 중구 남대문로5가 84-15,37.556312,126.972805,서울역 교차로,2,50,,,99,2016,서울지방경찰청,02-700-5031,2020-05-31,1320000,경찰청,서울
150,4547,F9097,서울특별시,중구,특별시도,,통일로,2,서울특별시 중구 통일로,서울특별시 중구 남대문로5가 9-2,37.556334,126.97287,서울역 교차로,2,50,,,99,2016,서울지방경찰청,02-700-5031,2020-05-31,1320000,경찰청,서울
151,4548,F9098,서울특별시,송파구,특별시도,,새말로,2,서울특별시 송파구 새말로 27,,37.480288,127.118207,서울지방경찰청 제3기동단 앞,2,60,,,99,2016,서울지방경찰청,02-700-5031,2020-05-31,1320000,경찰청,서울
152,4549,F9099,서울특별시,송파구,특별시도,,새말로,1,서울특별시 송파구 새말로,서울특별시 송파구 문정동 618,37.481528,127.121833,송파파크하비오푸르지오 205동 앞,2,60,,,99,2016,서울지방경찰청,02-700-5031,2020-05-31,1320000,경찰청,서울
153,4550,F9166,서울특별시,서초구,특별시도,,남부순환로,1,서울특별시 서초구 남부순환로,,37.474954,127.001966,경남아파트 앞 교차로,2,60,,,99,2016,서울지방경찰청,02-700-5031,2020-05-31,1320000,경찰청,서울
154,4551,F9167,서울특별시,강서구,일반국도,6번,방화대로,1,서울특별시 강서구 방화대로 96,,37.549134,126.816824,메이필드호텔앞교차로,2,60,,,99,2016,서울지방경찰청,02-700-5031,2020-05-31,1320000,경찰청,서울
155,4552,F9168,서울특별시,강서구,일반국도,6번,방화대로,2,서울특별시 강서구 방화대로,서울특별시 강서구 외발산동 산 71-16,37.540985,126.816276,메이필드호텔앞교차로 부천방면 전방800m,1,60,,,99,2016,서울지방경찰청,02-700-5031,2020-05-31,1320000,경찰청,서울
156,4553,F9169,서울특별시,동작구,특별시도,,장승배기로,1,서울특별시 동작구 장승배기로 160,,37.511538,126.940295,노량진초교 앞 : 스쿨존,2,40,,,2,2016,서울지방경찰청,02-700-5031,2020-05-31,1320000,경찰청,서울
157,4554,F9170,서울특별시,관악구,특별시도,,강남순환로,1,서울특별시 관악구 강남순환로,서울특별시 관악구 신림동 140-14,37.468959,126.947383,"관악IC(수서 방면) 1,2,3차로",1,80,,,99,2016,서울지방경찰청,02-700-5031,2020-05-31,1320000,경찰청,서울
158,4555,F9171,서울특별시,관악구,특별시도,,강남순환로,2,서울특별시 관악구 강남순환로,서울특별시 관악구 신림동 140-9,37.468971,126.947505,"관악IC(광명 방면) 1,2,3차로",1,80,,,99,2016,서울지방경찰청,02-700-5031,2020-05-31,1320000,경찰청,서울
159,4556,F9172,서울특별시,서초구,특별시도,,강남순환로,1,서울특별시 서초구 강남순환로,서울특별시 서초구 방배동 산 130-7,37.470461,126.986922,"사당IC(광명 방면) 1,2,3차로",1,80,,,99,2016,서울지방경찰청,02-700-5031,2020-05-31,1320000,경찰청,서울
160,4557,F9173,서울특별시,서초구,특별시도,,강남순환로,2,서울특별시 서초구 강남순환로,서울특별시 서초구 우면동 산 67-8,37.462053,127.018424,"서초터널 출구(수서 방면) 1,2,3차로",1,80,,,99,2016,서울지방경찰청,02-700-5031,2020-05-31,1320000,경찰청,서울
161,4558,F9174,서울특별시,은평구,특별시도,,가좌로,2,서울특별시 은평구 가좌로 391,,37.60055,126.904304,신사시티아파트 101동 앞,2,60,,,99,2018,서울지방경찰청,02-700-5031,2020-05-31,1320000,경찰청,서울
162,4559,F9175,서울특별시,양천구,특별시도,,신정로,2,서울특별시 양천구 신정로 110,,37.506421,126.83509,신정숲속마을@앞,2,50,,,99,2016,서울지방경찰청,02-700-5031,2020-05-31,1320000,경찰청,서울
163,4560,F9176,서울특별시,노원구,특별시도,,덕릉로,2,서울특별시 노원구 덕릉로,서울특별시 노원구 상계동 37-26,37.674206,127.085484,덕릉터널앞교차로,2,60,,,99,2016,서울지방경찰청,02-700-5031,2020-05-31,1320000,경찰청,서울
164,4561,F9177,서울특별시,서초구,특별시도,,신반포로,2,서울특별시 서초구 신반포로 15길,,37.505288,126.993806,신반포쇼핑센터 앞 : 스쿨존,2,30,,,2,2016,서울지방경찰청,02-700-5031,2020-05-31,1320000,경찰청,서울
165,4562,F9178,서울특별시,서초구,특별시도,,신반포로,2,서울특별시 서초구 신반포로 15길,,37.506617,126.993034,아크로리버파크 104동앞,2,30,,,99,2016,서울지방경찰청,02-700-5031,2020-05-31,1320000,경찰청,서울
166,4563,F9330,서울특별시,강남구,특별시도,,테헤란로,2,서울특별시 강남구 테헤란로,서울특별시 강남구 삼성동 170-9,37.509851,127.066189,강남경찰서 교차로,2,60,,,99,2016,서울지방경찰청,02-700-5031,2020-05-31,1320000,경찰청,서울
167,4564,F9331,서울특별시,강북구,특별시도,,도봉로,1,서울특별시 강북구 도봉로 162,,37.623104,127.027555,신일교회 앞,2,50,,,99,2016,서울지방경찰청,02-700-5031,2020-05-31,1320000,경찰청,서울
168,4565,F9332,서울특별시,강서구,일반국도,48번,공항대로,2,서울특별시 강서구 공항대로,서울특별시 강서구 공항동 53-44,37.561233,126.810091,송정초등학교 건너편,2,50,,,99,2016,서울지방경찰청,02-700-5031,2020-05-31,1320000,경찰청,서울
169,4566,F9333,서울특별시,강서구,일반국도,6번,공항대로,1,서울특별시 강서구 공항대로,서울특별시 강서구 염창동 283-4,37.547167,126.877417,현대오일뱅크 양화교주유소 앞,2,50,,,99,2016,서울지방경찰청,02-700-5031,2020-05-31,1320000,경찰청,서울
170,4567,F9334,서울특별시,관악구,특별시도,,관악로,2,서울특별시 관악구 관악로 285,,37.490665,126.956304,성현동아@104동앞,2,60,,,99,2016,서울지방경찰청,02-700-5031,2020-05-31,1320000,경찰청,서울
171,4679,F8694,서울특별시,중구,특별시도,,장충단로,1,서울특별시 중구 장충단로 263,,37.567955,127.009392,두산타워 건너편,2,50,,,99,2016,서울지방경찰청,02-700-5031,2020-05-31,1320000,경찰청,서울
599,10713,98,서울특별시,종로구,구도,27-J20-5번,인사동5길,3,서울특별시 종로구 인사동5길 41,서울특별시 종로구 공평동 1,37.57185254,126.9841704,SM면세점 주변,4,30,,,99,2016,서울특별시 종로구청,02-2148-3372,2021-12-01,3000000,서울특별시 종로구,서울
602,10716,298,서울특별시,종로구,구도,51-9번,새문안로9길,3,서울특별시 종로구 새문안로9길 9,서울특별시 종로구 신문로1가 7-5,37.57062536,126.9760114,현대해상 본사 주변,4,30,,,99,2017,서울특별시 종로구청,02-2148-3372,2021-12-01,3000000,서울특별시 종로구,서울
603,10717,301,서울특별시,종로구,시도,2303번,삼청로,3,서울특별시 종로구 삼청로 108,서울특별시 종로구 삼청동 71,37.585041,126.9822176,삼청동주민센터 주변,4,30,,,99,2017,서울특별시 종로구청,02-2148-3372,2021-12-01,3000000,서울특별시 종로구,서울
610,10724,308,서울특별시,종로구,구도,29-J26번,동숭길,3,서울특별시 종로구 동숭길 133,서울특별시 종로구 동숭동 1-38,37.58337305,127.0027363,상명아트홀 주변,4,30,,,99,2017,서울특별시 종로구청,02-2148-3372,2021-12-01,3000000,서울특별시 종로구,서울
611,10725,309,서울특별시,종로구,구도,29-J26번,동숭길,3,서울특별시 종로구 동숭길 101,서울특별시 종로구 동숭동 1-83,37.58246148,127.00402,IBK기업은행 대학로지점 주변,4,30,,,99,2017,서울특별시 종로구청,02-2148-3372,2021-12-01,3000000,서울특별시 종로구,서울
612,10726,310,서울특별시,종로구,시도,2707번,돈화문로,3,서울특별시 종로구 돈화문로 45,서울특별시 종로구 묘동 175,37.57236955,126.9913914,5호선 종로3가역 3번출구 주변,4,30,,,99,2017,서울특별시 종로구청,02-2148-3372,2021-12-01,3000000,서울특별시 종로구,서울
613,10727,311,서울특별시,종로구,시도,51-5번,종로5길,3,서울특별시 종로구 종로5길 30,서울특별시 종로구 청진동 19,37.57167434,126.980701,그랑서울 주변,4,30,,,99,2017,서울특별시 종로구청,02-2148-3372,2021-12-01,3000000,서울특별시 종로구,서울
614,10728,312,서울특별시,종로구,구도,23번,효자로,3,서울특별시 종로구 효자로 57,서울특별시 종로구 창성동67,37.58120109,126.9728749,청와대부속청사 정문 주변,4,40,,,99,2019,서울특별시 종로구청,02-2148-3372,2021-12-01,3000000,서울특별시 종로구,서울
615,10729,313,서울특별시,종로구,구도,28-J29번,혜화로,3,서울특별시 종로구 혜화로 1,서울특별시 종로구 혜화동 111-3,37.58588676,127.0007091,혜화동우체국 주변,4,50,,,2,2020,서울특별시 종로구청,02-2148-3372,2021-12-01,3000000,서울특별시 종로구,서울
616,10730,314,서울특별시,종로구,구도,28-J29번,혜화로,3,서울특별시 종로구 혜화로 12,서울특별시 종로구 혜화동 74-30,37.58685452,127.000564,헤화동주민센터 주변,4,30,,,2,2020,서울특별시 종로구청,02-2148-3372,2021-12-01,3000000,서울특별시 종로구,서울
617,10731,315,서울특별시,종로구,구도,28-J29번,혜화로,3,서울특별시 종로구 혜화로 32,서울특별시 종로구 혜화동 13-1,37.58863443,127.0002536,혜화초교 정문 주변,4,30,,,2,2020,서울특별시 종로구청,02-2148-3372,2021-12-01,3000000,서울특별시 종로구,서울
618,10732,317,서울특별시,종로구,시도,22-12번,통일로12길,3,서울특별시 종로구 통일로12길 23,서울특별시 종로구 무악동 46-82,37.57421553,126.9599722,독립문초교 정문 주변,4,30,,,2,2020,서울특별시 종로구청,02-2148-3372,2021-12-01,3000000,서울특별시 종로구,서울
619,10733,318,서울특별시,종로구,구도,51-2번,새문안로2길,3,서울특별시 종로구 새문안로2길 10,서울특별시 종로구 신문로2가 106-5,37.56870301,126.971984,덕수궁디팰리스아파트 주변,4,30,,,99,2020,서울특별시 종로구청,02-2148-3372,2021-12-01,3000000,서울특별시 종로구,서울
620,10734,67,서울특별시,종로구,구도,C1-J13번,북촌로,3,서울특별시 종로구 북촌로 53,서울특별시 종로구 가회동30-2,37.58177894,126.9845971,가회동성당 주변,4,30,,,2,2019,서울특별시 종로구청,02-2148-3372,2021-12-01,3000000,서울특별시 종로구,서울
641,10755,88,서울특별시,종로구,구도,51-52번,종로52길12,3,서울특별시 종로구 종로52길12,서울특별시 종로구 창신동 457-3,37.57158275,127.0130949,문구완구골목(우일완구) 주변,4,30,,,99,2016,서울특별시 종로구청,02-2148-3372,2021-12-01,3000000,서울특별시 종로구,서울
646,10760,41,서울특별시,종로구,시도,27번,삼일대로,3,서울특별시 종로구 삼일대로 444-1,서울특별시 종로구 낙원동 1,37.57422275,126.9876165,(어린이 39) 교동초교 정문 주변,4,30,,,2,2018,서울특별시 종로구청,02-2148-3372,2021-12-01,3000000,서울특별시 종로구,서울
669,10783,64,서울특별시,종로구,시도,4901번,평창문화로,3,서울특별시 종로구 평창문화로 75,서울특별시 종로구 평창동 158-1,37.60686264,126.9690062,글로리아타운 주변,4,20,,,2,2017,서울특별시 종로구청,02-2148-3372,2021-12-01,3000000,서울특별시 종로구,서울
672,10787,16,서울특별시,종로구,시도,C1-J13-6번,북촌로6길,3,서울특별시 종로구 북촌로6길 1,서울특별시 종로구 가회동 208-7,37.58016659,126.985109,(어린이 12) 가회동주민센터 주변,4,30,,,2,2019,서울특별시 종로구청,02-2148-3372,2021-12-01,3000000,서울특별시 종로구,서울
685,10800,29,서울특별시,종로구,구도,28-J28번,성균관로,3,서울특별시 종로구 성균관로 74-1,서울특별시 종로구 명륜1가 27-57,37.58919536,126.9973938,(어린이 26) 혜화초교(명륜파출소) 주변,4,30,,,2,2020,서울특별시 종로구청,02-2148-3372,2021-12-01,3000000,서울특별시 종로구,서울
692,10807,36,서울특별시,종로구,시도,C1-8번,사직로8길,3,서울특별시 종로구 사직로8길 13,서울특별시 종로구 내자동 169,37.574936,126.970238,(어린이 34) 세종유치원 주변,4,30,,,2,2016,서울특별시 종로구청,02-2148-3372,2021-12-01,3000000,서울특별시 종로구,서울
693,10808,37,서울특별시,종로구,구도,23-43번,자하문로43길,3,서울특별시 종로구 자하문로43길 2,서울특별시 종로구 부암동 384-4,37.598687,126.960875,(어린이 35) 엔젤키즈어린이집  주변,4,50,,,2,2016,서울특별시 종로구청,02-2148-3372,2021-12-01,3000000,서울특별시 종로구,서울
694,10809,38,서울특별시,종로구,구도,23-J9-6-C번,세검정로6다길,3,서울특별시 종로구 세검정로6다길 10,서울특별시 종로구 신영동 105-12,37.601661,126.9627355,(어린이 36) 부암어린이집 주변,4,30,,,2,2016,서울특별시 종로구청,02-2148-3372,2021-12-01,3000000,서울특별시 종로구,서울
695,10810,39,서울특별시,종로구,구도,51-65번,종로65길,3,서울특별시 종로구 종로65길 10,서울특별시 종로구 숭인동 178-167,37.57487529,127.0199617,(어린이 37) 한빛어린이집 주변,4,30,,,2,2016,서울특별시 종로구청,02-2148-3372,2021-12-01,3000000,서울특별시 종로구,서울
696,10811,40,서울특별시,종로구,시도,C1-J2번,옥인길,3,서울특별시 종로구 옥인길 18,서울특별시 종로구 옥인동 149-1,37.580694,126.9675955,(어린이 38) 누상어린이집 주변,4,20,,,2,2016,서울특별시 종로구청,02-2148-3372,2021-12-01,3000000,서울특별시 종로구,서울
697,10860,N138,서울특별시,금천구,특별시도,0,시흥대로40길 111-5,3,서울특별시 금천구 시흥대로40마길1,서울특별시 금천구 시흥동 산 71-52,37.447218,126.907628,서울특별시 금천구 시흥대로40마길1,4,0,,,2,2016,금천구청,02-2627-1763,2021-08-03,3170000,서울특별시 금천구,서울
698,10883,N137,서울특별시,금천구,특별시도,0,가산로9길 54,3,서울특별시 금천구 가산로9길54 LG전자,서울특별시 금천구 가산동 219-14,37.47598957,126.8896599,서울특별시 금천구 가산로9길54 LG전자,4,0,,,2,2016,금천구청,02-2627-1763,2021-08-03,3170000,서울특별시 금천구,서울
699,11005,N136,서울특별시,금천구,특별시도,0,디지털로9길 90,3,서울특별시 금천구 디지털로9길90 블랙야크,서울특별시 금천구 가산동 121-58,37.48199614,126.8863327,서울특별시 금천구 디지털로9길90 블랙야크,4,0,,,,2016,금천구청,02-2627-1763,2021-08-03,3170000,서울특별시 금천구,서울
700,11039,1,서울특별시,종로구,시도,5111-5번,지봉로5길,3,서울특별시 종로구 지봉로5길 20,서울특별시 종로구 창신동 82,37.57486845,127.0150595,창신초교 후문 주변,4,30,,,2,2019,서울특별시 종로구청,02-2148-3372,2021-12-01,3000000,서울특별시 종로구,서울
701,11040,2,서울특별시,종로구,시도,29-11번,대학로11길,3,서울특별시 종로구 대학로11길 27,서울특별시 종로구 명륜4가 80-1,37.582096,127.0001329,대학로11길 정민온누리약국 주변,4,20,,,99,2017,서울특별시 종로구청,02-2148-3372,2021-12-01,3000000,서울특별시 종로구,서울
702,11041,3,서울특별시,종로구,시도,5111-5번,지봉로5길,3,서울특별시 종로구 지봉로5길 5,서울특별시 종로구 창신동 237,37.57418871,127.0152967,창신동 두산아파트 주변,4,30,,,99,2016,서울특별시 종로구청,02-2148-3372,2021-12-01,3000000,서울특별시 종로구,서울
703,11042,4,서울특별시,종로구,시도,29-J26-3번,동숭3길,3,서울특별시 종로구 동숭3길 8,서울특별시 종로구 동숭동129,37.58146041,127.005638,광명가든레지던스 주변,4,30,,,99,2019,서울특별시 종로구청,02-2148-3372,2021-12-01,3000000,서울특별시 종로구,서울
715,11155,N135,서울특별시,금천구,특별시도,0,독산로50길 60,3,서울특별시 금천구 독산로50길60 한울중학교,서울특별시 금천구 시흥동 1000-3,37.462526,126.907659,서울특별시 금천구 독산로50길60 한울중학교,4,0,,,2,2016,금천구청,02-2627-1763,2021-08-03,3170000,서울특별시 금천구,서울
768,11531,F9352,서울특별시,강남구,특별시도,,남부순환로,2,서울특별시 강남구 남부순환로 2726,,37.485751,127.044071,한국건설감리협회 앞,1,60,,,99,2016,서울지방경찰청,02-700-5031,2020-05-31,1320000,경찰청,서울
790,12240,322,서울특별시,종로구,구도,51번,경희궁2길,3,서울특별시 종로구 경희궁2길 9-4,서울특별시 종로구 내수동 110,37.57341114,126.9711666,경희궁4길 경희궁의아침2단지아파트 주변,4,30,,,99,2020,서울특별시 종로구청,02-2148-3372,2021-12-01,3000000,서울특별시 종로구,서울
793,12341,F8539,서울특별시,서초구,고속국도,1번,경부고속도로,1,서울특별시 서초구 경부고속도로,서울특별시 서초구 원지동 96-4,37.457765,127.045884,양재대로 진출램프,1,40,,,99,2016,서울지방경찰청,02-700-5031,2020-05-31,1320000,경찰청,서울
794,12342,F8540,서울특별시,금천구,특별시도,,남부순환로,2,서울특별시 금천구 남부순환로,서울특별시 금천구 가산동 121-58,37.481769,126.886556,까르뜨니트물류센터마리오앞,1,60,,,99,2016,서울지방경찰청,02-700-5031,2020-05-31,1320000,경찰청,서울
795,12343,F8541,서울특별시,성동구,특별시도,,독서당로,1,서울특별시 성동구 독서당로 270,,37.546693,127.019293,금호대우@101동앞,1,40,,,99,2016,서울지방경찰청,02-700-5031,2020-05-31,1320000,경찰청,서울
796,12344,F8542,서울특별시,용산구,특별시도,,양녕로,2,서울특별시 용산구 양녕로,서울특별시 용산구 이촌동 304-16,37.517526,126.958765,한강대교 노들섬,1,50,,,99,2016,서울지방경찰청,02-700-5031,2020-05-31,1320000,경찰청,서울
797,12345,F8543,서울특별시,용산구,특별시도,,양녕로,1,서울특별시 용산구 양녕로,서울특별시 용산구 이촌동 303-19,37.517401,126.958892,한강대교 노들섬,1,50,,,99,2016,서울지방경찰청,02-700-5031,2020-05-31,1320000,경찰청,서울
798,12346,F8544,서울특별시,영등포구,특별시도,,국회대로,2,서울특별시 영등포구 국회대로 552,,37.528436,126.895321,삼익아파트 앞,1,60,,,99,2016,서울지방경찰청,02-700-5031,2020-05-31,1320000,경찰청,서울
799,12347,F8545,서울특별시,서초구,특별시도,,남부순환로,1,서울특별시 서초구 남부순환로 2406,,37.47897,127.010182,한국예술종합학교 앞,1,60,,,99,2016,서울지방경찰청,02-700-5031,2020-05-31,1320000,경찰청,서울
800,12348,F8546,서울특별시,강남구,특별시도,,광평로,2,서울특별시 강남구 광평로 144,,37.484051,127.090221,삼성아파트105동 건너편,1,60,,,99,2016,서울지방경찰청,02-700-5031,2020-05-31,1320000,경찰청,서울
801,12349,F8547,서울특별시,서초구,특별시도,,강남대로,2,서울특별시 서초구 강남대로,서울특별시 서초구 잠원동 77,37.52302,127.016503,한남대교남단,1,50,,,99,2016,서울지방경찰청,02-700-5031,2020-05-31,1320000,경찰청,서울
802,12350,F8548,서울특별시,강동구,특별시도,,강동대로,1,서울특별시 강동구 강동대로 245,,37.521961,127.133194,둔촌사거리,2,60,,,99,2016,서울지방경찰청,02-700-5031,2020-05-31,1320000,경찰청,서울
803,12351,F8549,서울특별시,강북구,특별시도,,인수봉로,1,서울특별시 강북구 인수봉로 136,,37.631716,127.013775,혜화여고 건너편,2,30,,,2,2016,서울지방경찰청,02-700-5031,2020-05-31,1320000,경찰청,서울
804,12352,F8550,서울특별시,강북구,특별시도,,인수봉로,2,서울특별시 강북구 인수봉로 269,,37.643063,127.010855,인수초중교앞,2,30,,,2,2016,서울지방경찰청,02-700-5031,2020-05-31,1320000,경찰청,서울
805,12353,F8551,서울특별시,강서구,일반국도,48번,공항대로,1,서울특별시 강서구 공항대로 69,,37.560849,126.816183,공항중학교삼거리,2,50,,,99,2016,서울지방경찰청,02-700-5031,2020-05-31,1320000,경찰청,서울
806,12354,F8552,서울특별시,광진구,일반국도,43번,천호대로,2,서울특별시 광진구 천호대로,서울특별시 광진구 광장동 201-2,37.54474,127.10457,광장사거리,2,50,,,99,2016,서울지방경찰청,02-700-5031,2020-05-31,1320000,경찰청,서울
807,12355,F8553,서울특별시,동대문구,특별시도,,한천로,1,서울특별시 동대문구 한천로 58길 107,,37.601301,127.071204,이화교삼거리,2,50,,,99,2016,서울지방경찰청,02-700-5031,2020-05-31,1320000,경찰청,서울
808,12356,F8554,서울특별시,동작구,특별시도,,여의대방로,2,서울특별시 동작구 여의대방로 24,,37.494368,126.911109,현대아파트 104동 앞,2,50,,,99,2016,서울지방경찰청,02-700-5031,2020-05-31,1320000,경찰청,서울
809,12357,F8555,서울특별시,마포구,일반국도,6번,신촌로,2,서울특별시 마포구 신촌로,서울특별시 마포구 아현동 267-9,37.557192,126.956448,굴레방다리교차로,2,50,,,99,2016,서울지방경찰청,02-700-5031,2020-05-31,1320000,경찰청,서울
810,12358,F8556,서울특별시,동대문구,특별시도,,고산자로,1,서울특별시 동대문구 고산자로,서울특별시 동대문구 용두동 47-1,37.571167,127.008972,경동시장 교차로,2,60,,,99,2016,서울지방경찰청,02-700-5031,2020-05-31,1320000,경찰청,서울
811,12359,F8557,서울특별시,송파구,특별시도,,위례성대로,1,서울특별시 송파구 위례성대로,서울특별시 송파구 방이동 181-8,37.512247,127.127558,올림픽공원교차로,2,60,,,99,2016,서울지방경찰청,02-700-5031,2020-05-31,1320000,경찰청,서울
812,12360,F8558,서울특별시,강남구,특별시도,,역삼로,1,서울특별시 강남구 역삼로 314,,37.499876,127.049146,도성초교 건너편,2,40,,,2,2016,서울지방경찰청,02-700-5031,2020-05-31,1320000,경찰청,서울
813,12361,F8559,서울특별시,양천구,특별시도,,신정로,2,서울특별시 양천구 신정로 170,,37.508396,126.84106,신정현대6차아파트 앞,2,60,,,99,2016,서울지방경찰청,02-700-5031,2020-05-31,1320000,경찰청,서울
814,12362,F8560,서울특별시,은평구,특별시도,,서오릉로,2,서울특별시 은평구 서오릉로 139,,37.61124,126.917497,구산역교차로,2,60,,,99,2016,서울지방경찰청,02-700-5031,2020-05-31,1320000,경찰청,서울
815,12363,F8561,서울특별시,종로구,일반국도,6번,새문안로,1,서울특별시 종로구 새문안로 55,,37.569954,126.971158,서울역사박물관 앞,2,50,,,99,2016,서울지방경찰청,02-700-5031,2020-05-31,1320000,경찰청,서울
816,12364,F8562,서울특별시,중랑구,일반국도,47번,경춘북로,2,서울특별시 중랑구 경춘북로,서울특별시 중랑구 신내동 270-1,37.619434,127.104517,중랑경찰서 후문,2,60,,,99,2016,서울지방경찰청,02-700-5031,2020-05-31,1320000,경찰청,서울
817,12365,F8563,서울특별시,도봉구,특별시도,,해등로,2,서울특별시 도봉구 해등로 295,,37.657396,127.022962,우성2차 201동앞,2,30,,,2,2016,서울지방경찰청,02-700-5031,2020-05-31,1320000,경찰청,서울
818,12366,F8564,서울특별시,노원구,일반국도,3번,동일로,1,서울특별시 노원구 동일로 1449,,37.661474,127.058807,온수골사거리,2,60,,,99,2016,서울지방경찰청,02-700-5031,2020-05-31,1320000,경찰청,서울
819,12367,F8565,서울특별시,서대문구,일반국도,48번,성산로,1,서울특별시 서대문구 성산로,서울특별시 서대문구 창천동 산 4-7,37.560424,126.93461,연세대공학원앞,2,50,,,99,2016,서울지방경찰청,02-700-5031,2020-05-31,1320000,경찰청,서울
841,12389,F8440,서울특별시,중랑구,특별시도,,북부간선도로,1,서울특별시 중랑구 북부간선도로,서울특별시 중랑구 묵동 27,37.6192,127.089147,묵동IC 진출램프,1,50,,,99,2016,서울지방경찰청,02-700-5031,2020-05-31,1320000,경찰청,서울
893,12620,F9945,서울특별시,구로구,특별시도,,남부순환로,1,서울특별시 구로구 남부순환로,서울특별시 구로구 구로동 692-1,37.490571,126.875015,안양교 진입 전,1,50,,,99,2018,서울지방경찰청,02-700-5031,2020-05-31,1320000,경찰청,서울
894,12621,F9946,서울특별시,종로구,일반국도,6번,새문안로,1,서울특별시 종로구 새문안로 38,,37.568382,126.969544,정동사거리,2,50,,,99,2017,서울지방경찰청,02-700-5031,2020-05-31,1320000,경찰청,서울
895,12622,F9947,서울특별시,서대문구,일반국도,6번,충정로,2,서울특별시 서대문구 충정로,서울특별시 서대문구 충정로2가 6,37.565719,126.966389,서대문역사거리,2,50,,,99,2017,서울지방경찰청,02-700-5031,2020-05-31,1320000,경찰청,서울
896,12623,F9948,서울특별시,송파구,일반국도,3번,송파대로,1,서울특별시 송파구 송파대로,서울특별시 송파구 신천동 3,37.513507,127.10019,잠실역교차로,2,50,,,99,2018,서울지방경찰청,02-700-5031,2020-05-31,1320000,경찰청,서울
897,12624,F9949,서울특별시,송파구,일반국도,3번,송파대로,2,서울특별시 송파구 송파대로,서울특별시 송파구 잠실동 39,37.513055,127.099961,잠실역교차로,2,50,,,99,2018,서울지방경찰청,02-700-5031,2020-05-31,1320000,경찰청,서울
898,12625,F9950,서울특별시,송파구,특별시도,,올림픽로,1,서울특별시 송파구 올림픽로,서울특별시 송파구 잠실동 32,37.513213,127.100434,잠실역R,2,60,,,99,2018,서울지방경찰청,02-700-5031,2020-05-31,1320000,경찰청,서울
899,12626,F9951,서울특별시,송파구,특별시도,,올림픽로,2,서울특별시 송파구 올림픽로,서울특별시 송파구 신천동 27,37.513352,127.099743,잠실역R,2,60,,,99,2018,서울지방경찰청,02-700-5031,2020-05-31,1320000,경찰청,서울
900,12627,F9952,서울특별시,송파구,특별시도,,잠실로,2,서울특별시 송파구 잠실로,서울특별시 송파구 잠실동 42,37.511072,127.101532,잠실광역환승센터교차로,2,60,,,99,2018,서울지방경찰청,02-700-5031,2020-05-31,1320000,경찰청,서울
901,12628,F9953,서울특별시,송파구,일반국도,3번,송파대로,1,서울특별시 송파구 송파대로,서울특별시 송파구 신천동 32,37.508854,127.104096,석촌호수교차로,2,50,,,99,2018,서울지방경찰청,02-700-5031,2020-05-31,1320000,경찰청,서울
902,12629,F9954,서울특별시,금천구,일반국도,1번,시흥대로,2,서울특별시 금천구 시흥대로,서울특별시 금천구 시흥동 982-15,37.438515,126.90288,기아대교앞교차로,2,50,,,99,2018,서울지방경찰청,02-700-5031,2020-05-31,1320000,경찰청,서울
903,12630,F9955,서울특별시,금천구,일반국도,1번,시흥대로,1,서울특별시 금천구 시흥대로,서울특별시 금천구 시흥동 1001-29,37.438481,126.903432,기아대교앞교차로,2,50,,,99,2018,서울지방경찰청,02-700-5031,2020-05-31,1320000,경찰청,서울
904,12631,F9956,서울특별시,서초구,특별시도,,남부순환로,2,서울특별시 서초구 남부순환로 2183,,37.474269,126.991028,방배래미안타워 건너편,2,60,,,99,2017,서울지방경찰청,02-700-5031,2020-05-31,1320000,경찰청,서울
905,12632,F9957,서울특별시,서초구,일반국도,47번,중앙로,2,서울특별시 서초구 중앙로,서울특별시 서초구 우면동 748,37.457198,127.013242,서초호반써밋@102동 앞,2,60,,,99,2017,서울지방경찰청,02-700-5031,2020-05-31,1320000,경찰청,서울
906,12633,G0005,서울특별시,영등포구,특별시도,,국회대로,2,서울특별시 영등포구 국회대로,서울특별시 영등포구 여의도동 1-6,37.529182,126.917146,국회의사당앞교차로,2,60,,,99,2017,서울지방경찰청,02-700-5031,2020-05-31,1320000,경찰청,서울
907,12634,G0006,서울특별시,관악구,특별시도,,남부순환로,2,서울특별시 관악구 남부순환로 2028,,37.475882,126.973407,한국엔지니어링협회 건너편,2,60,,,99,2017,서울지방경찰청,02-700-5031,2020-05-31,1320000,경찰청,서울
908,12635,G0007,서울특별시,관악구,특별시도,,문성로,2,서울특별시 관악구 문성로 214,,37.479167,126.927369,새명문유치원앞,2,30,,,2,2017,서울지방경찰청,02-700-5031,2020-05-31,1320000,경찰청,서울
994,13173,N144,서울특별시,금천구,특별시도,0,시흥대로 244,3,서울특별시 금천구 시흥대로244 희명병원,서울특별시 금천구 시흥동 1000-35,37.4556269,126.8999862,서울특별시 금천구 시흥대로244 희명병원,4,0,,,,2018,금천구청,02-2627-1763,2021-08-03,3170000,서울특별시 금천구,서울
995,13197,F9355,서울특별시,노원구,특별시도,,노원로,1,서울특별시 노원구 노원로 192,,37.637068,127.079722,공릉터널 교차로,1,60,,,99,2016,서울지방경찰청,02-700-5031,2020-05-31,1320000,경찰청,서울
996,13198,F9356,서울특별시,송파구,특별시도,,올림픽로,2,서울특별시 송파구 올림픽로,서울특별시 송파구 신천동 26,37.519884,127.113905,올림픽회관 교차로,2,60,,,99,2016,서울지방경찰청,02-700-5031,2020-05-31,1320000,경찰청,서울
997,13199,F9357,서울특별시,광진구,일반국도,43번,아차산로,2,서울특별시 광진구 아차산로,서울특별시 광진구 광장동 145-2,37.549262,127.107806,워커힐아파트입구,2,60,,,99,2016,서울지방경찰청,02-700-5031,2020-05-31,1320000,경찰청,서울
998,13200,F9358,서울특별시,중구,특별시도,,퇴계로,2,서울특별시 중구 퇴계로 187,,37.560906,126.992793,NH농협은행충무로지점 건너,1,50,,,99,2016,서울지방경찰청,02-700-5031,2020-05-31,1320000,경찰청,서울
999,13201,F9359,서울특별시,구로구,특별시도,,남부순환로,1,서울특별시 구로구 오리로 1265,,37.494336,126.831029,우신빌라5동 건너편,1,60,,,99,2016,서울지방경찰청,02-700-5031,2020-05-31,1320000,경찰청,서울
1000,13202,F9360,서울특별시,서초구,특별시도,,잠원로,1,서울특별시 서초구 잠원로,서울특별시 서초구 잠원동 65-33,37.511017,127.007223,뉴코아백화점 교차로,2,60,,,99,2016,서울지방경찰청,02-700-5031,2020-05-31,1320000,경찰청,서울
1001,13203,F9361,서울특별시,강남구,특별시도,,역삼로,1,서울특별시 강남구 역삼로 8길,,37.492599,127.034151,역삼초교입구,2,40,,,2,2016,서울지방경찰청,02-700-5031,2020-05-31,1320000,경찰청,서울
1002,13204,F9362,서울특별시,강남구,특별시도,,선릉로,2,서울특별시 강남구 선릉로 103,,37.486549,127.056731,서울개일초교 건너편,2,30,,,2,2016,서울지방경찰청,02-700-5031,2020-05-31,1320000,경찰청,서울
1003,13205,F9363,서울특별시,강남구,특별시도,,자곡로,2,서울특별시 강남구 자곡로 55,,37.467869,127.09373,세명초교 남측,2,30,,,2,2016,서울지방경찰청,02-700-5031,2020-05-31,1320000,경찰청,서울
1004,13206,F9364,서울특별시,강남구,특별시도,,밤고개로,1,서울특별시 강남구 밤고개로 23길,,37.474127,127.109088,율현초교 앞,1,30,,,2,2016,서울지방경찰청,02-700-5031,2020-05-31,1320000,경찰청,서울
1005,13222,F9353,서울특별시,영등포구,특별시도,,도림로,2,서울특별시 영등포구 도림로,서울특별시 영등포구 문래동4가 6-11,37.516204,126.89066,구립영등포노인종합복지관 건너편,2,50,,,1,2016,서울지방경찰청,02-700-5031,2020-05-31,1320000,경찰청,서울
1006,13223,F9354,서울특별시,용산구,특별시도,,한남대로,2,서울특별시 용산구 한남대로,서울특별시 용산구 한남동 722-36,37.537518,127.004439,한남1고가차도종점,1,50,,,99,2016,서울지방경찰청,02-700-5031,2020-05-31,1320000,경찰청,서울
1007,13228,P0065,서울특별시,성북구,구도,0,서경로,3,,서울특별시 성북구 정릉동 192-440,37.6082812,127.0132711,하모니마트,4,30,,,1,2019,성북구청,02-2241-3515,2020-09-23,3070000,서울특별시 성북구,서울
1008,13354,N143,서울특별시,금천구,특별시도,0,독산로 178,3,서울특별시 금천구 독산로178 독산2동주민센터,서울특별시 금천구 독산동 1081-20,37.46293737,126.9039156,서울특별시 금천구 독산로178 독산2동주민센터,4,0,,,,2018,금천구청,02-2627-1763,2021-08-03,3170000,서울특별시 금천구,서울
1009,13379,N142,서울특별시,금천구,특별시도,0,두산로 75,3,서울특별시 금천구 두산로75 빅마켓,서울특별시 금천구 독산동 289-16,37.47073406,126.8967329,서울특별시 금천구 두산로75 빅마켓,4,0,,,,2018,금천구청,02-2627-1763,2021-08-03,3170000,서울특별시 금천구,서울
1010,13404,N141,서울특별시,금천구,특별시도,0,금하로 750,3,서울특별시 금천구 금하로750 우방아파트,서울특별시 금천구 시흥동 270-1,37.45007791,126.912945,서울특별시 금천구 금하로750 우방아파트,4,0,,,,2017,금천구청,02-2627-1763,2021-08-03,3170000,서울특별시 금천구,서울
1011,13428,P0057,서울특별시,성북구,구도,0,화랑로,3,서울특별시 성북구 화랑로13길 46,서울특별시 성북구 하월곡동 21-42,37.60532181,127.0416711,진각복지재단,4,0,,,,2018,성북구청,02-2241-3515,2020-09-23,3070000,서울특별시 성북구,서울
1012,13429,P0058,서울특별시,성북구,구도,0,동소문로,3,서울특별시성북구동소문로40길57,서울특별시 성북구 하월곡동 88-337,37.60492559,127.0288738,미아리텍사스,4,0,,,,2019,성북구청,02-2241-3515,2020-09-23,3070000,서울특별시 성북구,서울
1013,13430,P0059,서울특별시,성북구,구도,0,숭인로,3,,서울특별시 성북구 길음동 1262-277,37.6119945,127.0226231,래미안 길음 센터피스,4,0,,,,2019,성북구청,02-2241-3515,2020-09-23,3070000,서울특별시 성북구,서울
1014,13431,P0060,서울특별시,성북구,구도,0,숭인로,3,,서울특별시 성북구 길음동 21-286,37.6094656,127.0257176,래미안 길음 센터피스,4,0,,,,2019,성북구청,02-2241-3515,2020-09-23,3070000,서울특별시 성북구,서울
1015,13432,P0061,서울특별시,성북구,구도,0,동소문로,3,서울특별시 성북구 동소문로 118,,37.59332657,127.0181758,태극당 골목,4,0,,,,2019,성북구청,02-2241-3515,2020-09-23,3070000,서울특별시 성북구,서울
1016,13433,P0062,서울특별시,성북구,시도,0,정릉로,3,,서울특별시 성북구 정릉동 산1-344,37.6108546,126.9914545,국민대학교 건너편,4,0,,,,2019,성북구청,02-2241-3515,2020-09-23,3070000,서울특별시 성북구,서울
1017,13434,P0063,서울특별시,성북구,구도,0,종암로,3,서울특별시 성북구 종암로9길 20,서울특별시 성북구 종암동 131-8,37.59587096,127.0344052,극동아파트 입구,4,0,,,,2019,성북구청,02-2241-3515,2020-09-23,3070000,서울특별시 성북구,서울
1018,13435,P0066,서울특별시,성북구,구도,0,장월로,3,서울특별시 성북구 장월로 174,서울특별시 성북구 장위동 155-2,37.6194264,127.0537717,장위3동 치안센터,4,0,,,,2020,성북구청,02-2241-3515,2020-09-23,3070000,서울특별시 성북구,서울
1019,13594,N140,서울특별시,금천구,특별시도,0,독산로 105,3,서울특별시 금천구 독산로105 동산교회,서울특별시 금천구 시흥동 1000-32,37.456867,126.905491,서울특별시 금천구 독산로105 동산교회,4,0,,,,2017,금천구청,02-2627-1763,2021-08-03,3170000,서울특별시 금천구,서울
1020,13669,N139,서울특별시,금천구,특별시도,0,금하로24길 2,3,서울특별시 금천구 금하로24길2 카멜리아맞은편,서울특별시 금천구 시흥동 1000-124,37.451067,126.908533,서울특별시 금천구 금하로24길2 카멜리아맞은편,4,0,,,,2016,금천구청,02-2627-1763,2021-08-03,3170000,서울특별시 금천구,서울
1022,14222,서05-409,서울특별시,서대문구,기타,홍연길,홍연길,3,서울특별시 서대문구 홍연길 63-1,,37.57629291,126.9300847,연희파크푸르지오 주변,4,0,,,,2019,서대문구청,02-330-1813,2021-07-28,3120000,서울특별시 서대문구,서울
1023,14223,서03-403,서울특별시,서대문구,기타,북아현로,북아현로,3,,서울특별시 서대문구 북아현동 210-24,37.56015301,126.950792,명수어린이 공원 앞,4,0,,,,2019,서대문구청,02-330-1813,2021-07-28,3120000,서울특별시 서대문구,서울
1025,14319,서09-404,서울특별시,서대문구,기타,홍은중앙로,홍은중앙로,3,서울특별시 서대문구 홍은중앙로43,서울특별시 서대문구 홍은동48-16,37.595216,126.946695,보은소공원 주변,4,0,,,,2016,서대문구청,02-330-1813,2021-07-28,3120000,서울특별시 서대문구,서울
1026,14320,서10-409,서울특별시,서대문구,기타,가좌로,가좌로,3,서울특별시 서대문구 가좌로75,서울특별시 서대문구 홍은동403-10,37.579798,126.928239,에이스고시텔,4,0,,,,2016,서대문구청,02-330-1813,2021-07-28,3120000,서울특별시 서대문구,서울
1027,14321,서11-404,서울특별시,서대문구,기타,수색로,수색로,3,서울특별시 서대문구 수색로6길17,서울특별시 서대문구 북가좌동486,37.571344,126.913379,남가좌교회 주변,4,0,,,,2016,서대문구청,02-330-1813,2021-07-28,3120000,서울특별시 서대문구,서울
1028,14322,서11-405,서울특별시,서대문구,기타,가재울미래로,가재울미래로,3,서울특별시 서대문구 가재울미래로15,서울특별시 서대문구 남가좌동150-20,37.570561,126.9170769,가재울 성천교회 주변,4,0,,,,2016,서대문구청,02-330-1813,2021-07-28,3120000,서울특별시 서대문구,서울
1029,14323,서03-407,서울특별시,서대문구,기타,신촌로,신촌로,3,서울특별시 서대문구 신촌로27길47,서울특별시 서대문구 북아현동251-99,37.55744285,126.948764,동심경로당 앞,4,0,,,,2016,서대문구청,02-330-1813,2021-07-28,3120000,서울특별시 서대문구,서울
1030,14324,서04-421,서울특별시,서대문구,기타,성산로,성산로,3,서울특별시 서대문구 성산로512-42,서울특별시 서대문구 대신동34-16,37.561611,126.943092,이대부속초등학교 맞은편,4,0,,,,2016,서대문구청,02-330-1813,2021-07-28,3120000,서울특별시 서대문구,서울
1031,14325,서05-407,서울특별시,서대문구,기타,연희로,연희로,3,서울특별시 서대문구 연희로154,서울특별시 서대문구 연희동80-2,37.570985,126.934422,시카고피자 연희2호점,4,0,,,,2016,서대문구청,02-330-1813,2021-07-28,3120000,서울특별시 서대문구,서울
1032,14326,서06-402,서울특별시,서대문구,기타,통일로,통일로,3,서울특별시 서대문구 통일로357,서울특별시 서대문구 홍제동464,37.58199003,126.949799,무악재한화아파트 진입로,4,0,,,,2016,서대문구청,02-330-1813,2021-07-28,3120000,서울특별시 서대문구,서울
1033,14327,서11-402,서울특별시,서대문구,기타,모래내로,모래내로,3,서울특별시 서대문구 모래내로15길68,서울특별시 서대문구 남가좌동188-1,37.574485,126.918781,명지빌딩(소명약국) 주변,4,0,,,,2016,서대문구청,02-330-1813,2021-07-28,3120000,서울특별시 서대문구,서울
1034,14328,서11-402,서울특별시,서대문구,기타,모래내로,모래내로,3,서울특별시 서대문구 모래내로15길34,서울특별시 서대문구 남가좌동119-41,37.574934,126.918223,남가좌1동주민센터 건너편,4,0,,,,2016,서대문구청,02-330-1813,2021-07-28,3120000,서울특별시 서대문구,서울
1035,14329,서02-409,서울특별시,서대문구,기타,충정로,충정로,3,서울특별시 서대문구 충정로7,서울특별시 서대문구 충정로3가476,37.56011129,126.962225,구세군빌딩 주변,4,0,,,,2016,서대문구청,02-330-1813,2021-07-28,3120000,서울특별시 서대문구,서울
1036,14330,서04-422,서울특별시,서대문구,기타,신촌로,신촌로,3,서울특별시 서대문구 신촌로15,서울특별시 서대문구 창천동506-17,37.558224,126.928744,롯데리아 창천점 앞,4,0,,,,2016,서대문구청,02-330-1813,2021-07-28,3120000,서울특별시 서대문구,서울
1037,14331,서03-408,서울특별시,서대문구,기타,신촌로,신촌로,3,서울특별시 서대문구 신촌로225,서울특별시 서대문구 북아현동221-12,37.557349,126.951023,고기정육시장 앞,4,0,,,,2016,서대문구청,02-330-1813,2021-07-28,3120000,서울특별시 서대문구,서울
1038,14332,서03-405,서울특별시,서대문구,기타,북아현로,북아현로,3,서울특별시 서대문구 북아현로1길24,서울특별시 서대문구 북아현동148-17,37.559924,126.954572,신촌이편한세상 4단지 앞 CU,4,0,,,,2017,서대문구청,02-330-1813,2021-07-28,3120000,서울특별시 서대문구,서울
1039,14333,서02-410,서울특별시,서대문구,기타,통일로,통일로,3,서울특별시 서대문구 통일로113,서울특별시 서대문구 미근동165,37.564888,126.967007,미근119안전센터,4,0,,,,2017,서대문구청,02-330-1813,2021-07-28,3120000,서울특별시 서대문구,서울
1040,14334,서08-409,서울특별시,서대문구,기타,세무서길,세무서길,3,서울특별시 서대문구 세무서길103,서울특별시 서대문구 홍제동266-151,37.592415,126.947237,마을탕 앞,4,0,,,,2017,서대문구청,02-330-1813,2021-07-28,3120000,서울특별시 서대문구,서울
1041,14335,서08-410,서울특별시,서대문구,기타,포방터길,포방터길,3,서울특별시 서대문구 세검정로105,서울특별시 서대문구 홍제3동286-5,37.597497,126.949629,홍은초등학교 후문,4,0,,,,2017,서대문구청,02-330-1813,2021-07-28,3120000,서울특별시 서대문구,서울
1042,14336,서10-410,서울특별시,서대문구,기타,백련사길,백련사길,3,서울특별시 서대문구 백련사길99,서울특별시 서대문구 홍은동산26-170,37.583403,126.930079,가좌테니스장(홍연초 교재원),4,0,,,,2017,서대문구청,02-330-1813,2021-07-28,3120000,서울특별시 서대문구,서울
1043,14338,서05-95,서울특별시,서대문구,기타,연희로,연희로,3,서울특별시 서대문구 연희로219,서울특별시 서대문구 연희동149-54,37.57688328,126.9352146,고려인삼 건너편,4,0,,,,2018,서대문구청,02-330-1813,2021-07-28,3120000,서울특별시 서대문구,서울
1044,14339,서09-112,서울특별시,서대문구,기타,세검정로,세검정로,3,서울특별시 서대문구 세검정로1길90,서울특별시 서대문구 홍은동455,37.59424182,126.9459657,벽산아파트 주변,4,0,,,,2018,서대문구청,02-330-1813,2021-07-28,3120000,서울특별시 서대문구,서울
1045,14340,서09-303,서울특별시,서대문구,기타,홍은중앙로,홍은중앙로,3,서울특별시 서대문구 홍은중앙로13,서울특별시 서대문구 홍은동41-1,37.59350636,126.9454227,홍제초등학교 정문 앞,4,0,,,,2018,서대문구청,02-330-1813,2021-07-28,3120000,서울특별시 서대문구,서울
1046,14341,서05-94,서울특별시,서대문구,기타,증가로,증가로,3,,서울특별시 서대문구 북가좌동459-1,37.57985204,126.9165301,북가좌 정원지구 어린이 공원,4,0,,,,2018,서대문구청,02-330-1813,2021-07-28,3120000,서울특별시 서대문구,서울
1047,14342,서12-407,서울특별시,서대문구,기타,증가로,증가로,3,서울특별시 서대문구 증가로12나길 32,서울특별시 서대문구 남가좌동 374-11,37.58034525,126.9209968,DMC 센트럴 아파트 104동 주변,4,0,,,,2019,서대문구청,02-330-1813,2021-07-28,3120000,서울특별시 서대문구,서울
1048,14343,서12-408,서울특별시,서대문구,기타,모래내로,모래내로,3,서울특별시 서대문구 모래내로 209,서울특별시 서대문구 남가좌동 332-19,37.57352415,126.9228515,현대가재울주유소 주변,4,0,,,,2019,서대문구청,02-330-1813,2021-07-28,3120000,서울특별시 서대문구,서울
1050,14346,N109,서울특별시,금천구,특별시도,0,독산로 199,3,서울특별시 금천구 독산로199 KFC,서울특별시 금천구 독산동 1081-18,37.46469561,126.9027124,서울특별시 금천구 독산로199 KFC,4,0,,,,2016,금천구청,02-2627-1763,2021-08-03,3170000,서울특별시 금천구,서울
1060,14356,N119,서울특별시,금천구,특별시도,0,범안로 1138,3,서울특별시 금천구 범안로1138 독산역2번출구앞,서울특별시 금천구 가산동 677,37.46626645,126.8883629,서울특별시 금천구 범안로1138 독산역2번출구앞,4,0,,,,2016,금천구청,02-2627-1763,2021-08-03,3170000,서울특별시 금천구,서울
1061,14357,N120,서울특별시,금천구,특별시도,0,가산디지털1로 165,3,서울특별시 금천구 가산디지털1로165 맥도날드,서울특별시 금천구 가산동 371-9,37.48023462,126.8816942,서울특별시 금천구 가산디지털1로165 맥도날드,4,0,,,,2016,금천구청,02-2627-1763,2021-08-03,3170000,서울특별시 금천구,서울
1067,14363,N126,서울특별시,금천구,특별시도,0,독산로 337,3,서울특별시 금천구 독산로335-1 제일목재맞은편,서울특별시 금천구 독산동 995-5,37.476741,126.903585,서울특별시 금천구 독산로335-1 제일목재맞은편,4,0,,,,2016,금천구청,02-2627-1763,2021-08-03,3170000,서울특별시 금천구,서울
1075,14371,N103,서울특별시,금천구,특별시도,0,가산로 146,3,서울특별시 금천구 가산로146 디지털단지오거리부근,서울특별시 금천구 가산동 142-45,37.47827032,126.8909567,서울특별시 금천구가산로146 디지털단지오거리부근,4,0,,,,2016,금천구청,02-2627-1763,2021-08-03,3170000,서울특별시 금천구,서울
1078,14374,N106,서울특별시,금천구,특별시도,0,문성로 48,3,서울특별시 금천구 문성로48 동아연립,서울특별시 금천구 독산동 894,37.4769568,126.9092452,서울특별시 금천구 문성로48 동아연립,4,0,,,2,2016,금천구청,02-2627-1763,2021-08-03,3170000,서울특별시 금천구,서울
1155,15580,주정차단속-084,서울특별시,마포구,구도,52,성암로,3,서울특별시 마포구 모래내로9길 30,,37.56845246,126.9113201,건영월드컵 아파트 앞,4,0,,,,2017,마포구청,02-3153-9655,2020-10-29,3130000,서울특별시 마포구,서울
1159,15584,주정차단속-088,서울특별시,마포구,구도,없음,매봉산로,3,서울특별시 마포구 매봉산로 76,,37.5782805,126.8938427,상암파출소 앞,4,0,,,,2018,마포구청,02-3153-9655,2020-10-29,3130000,서울특별시 마포구,서울
1160,15585,주정차단속-089,서울특별시,마포구,구도,52,성암로,3,서울특별시 마포구 월드컵북로 400,,37.58045008,126.8898953,MBC 후문,4,0,,,,2017,마포구청,02-3153-9655,2020-10-29,3130000,서울특별시 마포구,서울
1171,15596,주정차단속-079,서울특별시,마포구,구도,1204,월드컵로32길,3,서울특별시 마포구 월드컵로32길 23,,37.56283304,126.9056222,보양산업 주변,4,0,,,,2018,마포구청,02-3153-9655,2020-10-29,3130000,서울특별시 마포구,서울
1173,15598,주정차단속-081,서울특별시,마포구,구도,42,모래내로,3,서울특별시 마포구 모래내로 5,,37.56425505,126.9036872,우남퍼스트빌스타 오피스텔 앞,4,0,,,,2017,마포구청,02-3153-9655,2020-10-29,3130000,서울특별시 마포구,서울
1175,15600,주정차단속-083,서울특별시,마포구,구도,169,월드컵로36길,3,서울특별시 마포구 월드컵로 212,,37.56631122,126.9016154,마포구청 앞,4,0,,,,2018,마포구청,02-3153-9655,2020-10-29,3130000,서울특별시 마포구,서울
1178,15794,주정차단속-069,서울특별시,마포구,구도,153,연남로,3,서울특별시 마포구 동교로 225,,37.56025128,126.9237661,연남파출소 앞,4,0,,,,2017,마포구청,02-3153-9655,2020-10-29,3130000,서울특별시 마포구,서울
1238,16226,P0043,서울특별시,성북구,구도,0,보문로,3,서울특별시 성북구 보문로34길 77,서울특별시 성북구 동선동1가 84-1,37.59139463,127.0194888,성신여자대학교 오거리,4,0,,,,2018,성북구청,02-2241-3515,2020-09-23,3070000,서울특별시 성북구,서울
1241,16229,P0046,서울특별시,성북구,구도,0,길음로,3,서울특별시 성북구 길음로 33,서울특별시 성북구 길음동 1284,37.60504961,127.022011,길음래미안 6단지 아파트 611동 앞,4,0,,,,2017,성북구청,02-2241-3515,2020-09-23,3070000,서울특별시 성북구,서울
1242,16230,P0047,서울특별시,성북구,구도,0,고려대로,3,서울특별시 성북구 고려대로 39,서울특별시 성북구 안암동2가 119-34,37.58666905,127.0237401,안암초등학교,4,30,,,1,2017,성북구청,02-2241-3515,2020-09-23,3070000,서울특별시 성북구,서울
1243,16231,P0048,서울특별시,성북구,시도,0,정릉로,3,서울특별시 성북구 정릉로 364,서울특별시 성북구 돈암동 12-8,37.60147416,127.0236542,갈비명가 이상 인근,4,0,,,,2017,성북구청,02-2241-3515,2020-09-23,3070000,서울특별시 성북구,서울
1244,16232,P0049,서울특별시,성북구,구도,0,보문로,3,서울특별시 성북구 보문로 116,서울특별시 성북구 보문동1가 127,37.58554899,127.0194872,보문역 3번 출구,4,0,,,,2017,성북구청,02-2241-3515,2020-09-23,3070000,서울특별시 성북구,서울
1245,16233,P0050,서울특별시,성북구,구도,0,동소문로,3,서울특별시성북구동소문로258,서울특별시 성북구 길음동 1276-3,37.60388853,127.0250139,길음역 6번 출구,4,0,,,,2017,성북구청,02-2241-3515,2020-09-23,3070000,서울특별시 성북구,서울
1246,16234,P0051,서울특별시,성북구,구도,0,종암로,3,서울특별시 성북구 종암로21길 71,서울특별시 성북구 종암동 3-680,37.60142529,127.0321837,이조사철탕 앞(종암경찰서 뒤편),4,0,,,,2018,성북구청,02-2241-3515,2020-09-23,3070000,서울특별시 성북구,서울
1247,16235,P0052,서울특별시,성북구,구도,0,돌곶이로,3,서울특별시 성북구 돌곶이로 221,서울특별시 성북구 장위동 218-41,37.61892532,127.0455162,꿈의숲 코오롱 하늘채 아파트,4,0,,,,2018,성북구청,02-2241-3515,2020-09-23,3070000,서울특별시 성북구,서울
1248,16236,P0053,서울특별시,성북구,구도,0,종암로,3,서울특별시 성북구 종암로24길 35,서울특별시 성북구 종암동 135-3,37.6014282,127.0346388,종암카이저펠리스,4,0,,,,2018,성북구청,02-2241-3515,2020-09-23,3070000,서울특별시 성북구,서울
1249,16238,P0054,서울특별시,성북구,구도,0,보국문로,3,서울특별시 성북구 보국문로 79,서울특별시 성북구 정릉동 303-6,37.61129341,127.0085351,보국문역,4,0,,,,2018,성북구청,02-2241-3515,2020-09-23,3070000,서울특별시 성북구,서울
1250,16239,P0055,서울특별시,성북구,구도,0,동소문로,3,서울특별시 성북구 동소문로 197,서울특별시 성북구 돈암동 34-2,37.59975547,127.0215519,미아리고개,4,0,,,,2018,성북구청,02-2241-3515,2020-09-23,3070000,서울특별시 성북구,서울
1251,16240,P0056,서울특별시,성북구,구도,0,안암로,3,서울특별시 성북구 안암로 99,서울특별시 성북구 안암동5가 40-10,37.58487973,127.0312346,우신향병원,4,30,,,2,2018,성북구청,02-2241-3515,2020-09-23,3070000,서울특별시 성북구,서울
1253,16293,P0039,서울특별시,성북구,구도,0,보국문로,3,서울특별시 성북구 보국문로 160,서울특별시 성북구 정릉동 778-6,37.61691223,127.0036155,산장아파트(정릉대우아파트),4,0,,,,2016,성북구청,02-2241-3515,2020-09-23,3070000,서울특별시 성북구,서울
1254,16294,P0040,서울특별시,성북구,구도,0,보문로,3,서울특별시 성북구 보문로32길 14,서울특별시 성북구 삼선동5가 409,37.58940918,127.0173641,성북구청 주차장,4,0,,,,2016,성북구청,02-2241-3515,2020-09-23,3070000,서울특별시 성북구,서울
1255,16322,P0038,서울특별시,성북구,구도,0,종암로,3,서울특별시 성북구 종암로27길 18,서울특별시 성북구 종암동 80-1,37.60288144,127.0316498,성북소방서 뒷길,4,0,,,,2016,성북구청,02-2241-3515,2020-09-23,3070000,서울특별시 성북구,서울
1256,16323,P0013,서울특별시,성북구,구도,0,장월로,3,서울특별시 성북구 장월로 147,서울특별시 성북구 장위동 199-45,37.61815536,127.0511837,래미안 장위 포레카운티,4,0,,,,2017,성북구청,02-2241-3515,2020-09-23,3070000,서울특별시 성북구,서울
1257,16324,P0014,서울특별시,성북구,구도,0,돌곶이로,3,서울특별시 성북구 돌곶이로 15,서울특별시 성북구 석관동 332-570,37.60593294,127.0616668,석관동 래미안아트리치,4,0,,,,2017,성북구청,02-2241-3515,2020-09-23,3070000,서울특별시 성북구,서울
1258,16325,P0015,서울특별시,성북구,구도,0,화랑로,3,서울특별시성북구화랑로11길5,서울특별시 성북구 하월곡동 27-114,37.60258291,127.0413479,월곡역 2번 출구,4,0,,,,2017,성북구청,02-2241-3515,2020-09-23,3070000,서울특별시 성북구,서울
1259,16326,P0016,서울특별시,성북구,구도,0,오패산로,3,서울특별시 성북구 오패산로3길 9,서울특별시 성북구 하월곡동 90-2062,37.60399006,127.0364791,동신아파트,4,0,,,,2017,성북구청,02-2241-3515,2020-09-23,3070000,서울특별시 성북구,서울
1265,16332,P0022,서울특별시,성북구,구도,0,월곡로,3,서울특별시 성북구 월곡로14길 26,서울특별시 성북구 하월곡동 34-43,37.60023267,127.0426512,월곡 래미안 루나벨리아파트 입구,4,0,,,,2016,성북구청,02-2241-3515,2020-09-23,3070000,서울특별시 성북구,서울
1267,16334,P0024,서울특별시,성북구,시도,0,성북로,3,서울특별시 성북구 성북로 5-1,서울특별시 성북구 성북동1가 35-31,37.58877243,127.0053215,나폴레옹 제과점,4,0,,,,2017,성북구청,02-2241-3515,2020-09-23,3070000,서울특별시 성북구,서울
1268,16335,P0025,서울특별시,성북구,구도,0,보문로,3,서울특별시 성북구 보문로 149,서울특별시 성북구 삼선동5가 291-1,37.58796397,127.017477,경동고교 사거리,4,0,,,,2017,성북구청,02-2241-3515,2020-09-23,3070000,서울특별시 성북구,서울
1269,16336,P0026,서울특별시,성북구,시도,0,종암로,3,서울특별시 성북구 종암로172(건너편),서울특별시 성북구 하월곡동 90-122,37.60523835,127.0319361,이마트 하월곡점 앞,4,0,,,,2017,성북구청,02-2241-3515,2020-09-23,3070000,서울특별시 성북구,서울
1270,16337,P0027,서울특별시,성북구,구도,0,종암로,3,서울특별시 성북구 종암로24가길 80,서울특별시 성북구 종암동 1-79,37.59931484,127.0392263,일신초등학교(삼성 래미안라센트 아파트 103동 앞),4,30,,,1,2017,성북구청,02-2241-3515,2020-09-23,3070000,서울특별시 성북구,서울
1271,16338,P0028,서울특별시,성북구,구도,0,동소문로,3,서울특별시 성북구 동소문로 225-15,,37.60234677,127.0212718,길음래미안9단지(904동 앞),4,0,,,,2016,성북구청,02-2241-3515,2020-09-23,3070000,서울특별시 성북구,서울
1272,16339,P0029,서울특별시,성북구,구도,0,길음로,3,서울특별시 성북구 길음로9길 50,서울특별시 성북구 길음동 1286-2,37.60269641,127.0209503,길음성가어린이집,4,30,,,1,2016,성북구청,02-2241-3515,2020-09-23,3070000,서울특별시 성북구,서울
1273,16340,P0030,서울특별시,성북구,구도,0,삼선교로,3,서울특별시 성북구 삼선교로 28,서울특별시 성북구 삼선동2가 44-2,37.58792889,127.0088948,희망의 다리,4,0,,,,2016,성북구청,02-2241-3515,2020-09-23,3070000,서울특별시 성북구,서울
1274,16341,P0031,서울특별시,성북구,구도,0,보문로,3,서울특별시 성북구 보문로14길 40,서울특별시 성북구 안암동4가 41-13,37.58061784,127.024422,안암동 삼익아파트,4,0,,,,2016,성북구청,02-2241-3515,2020-09-23,3070000,서울특별시 성북구,서울
1275,16342,P0032,서울특별시,성북구,시도,0,정릉로,3,서울특별시성북구정릉로322,서울특별시 성북구 정릉동 16-174,37.60217778,127.0189888,길음뉴타운 10단지 건너편,4,0,,,,2016,성북구청,02-2241-3515,2020-09-23,3070000,서울특별시 성북구,서울
1281,16348,P0001,서울특별시,성북구,구도,0,혜화로,3,서울특별시 성북구 혜화로 84,서울특별시 성북구 성북동 124-11,37.59269366,126.9985597,오박사 돈까스 인근,4,0,,,,2017,성북구청,02-2241-3515,2020-09-23,3070000,서울특별시 성북구,서울
1282,16349,P0002,서울특별시,성북구,구도,0,동소문로,3,서울특별시 성북구 동소문로17길 40,,37.59392876,127.0158932,아리랑고개,4,0,,,,2017,성북구청,02-2241-3515,2020-09-23,3070000,서울특별시 성북구,서울
1283,16350,P0003,서울특별시,성북구,구도,0,고려대로,3,서울특별시 성북구 고려대로24길 25,서울특별시 성북구 안암동5가 102-10,37.58504955,127.0295454,고대참살이길,4,0,,,,2017,성북구청,02-2241-3515,2020-09-23,3070000,서울특별시 성북구,서울
1284,16351,P0004,서울특별시,성북구,구도,0,개운사길,3,서울특별시 성북구 개운사길 36,서울특별시 성북구 안암동5가 15-51,37.58800484,127.0294469,안암동 종로학원,4,0,,,,2016,성북구청,02-2241-3515,2020-09-23,3070000,서울특별시 성북구,서울
1285,16352,P0005,서울특별시,성북구,구도,0,보문로,3,서울특별시 성북구 보문로 136,서울특별시 성북구 보문동1가 35,37.58706279,127.0186906,경동고교 사거리 인근,4,0,,,,2017,성북구청,02-2241-3515,2020-09-23,3070000,서울특별시 성북구,서울
1286,16353,P0006,서울특별시,성북구,구도,0,북악산로,3,서울특별시 성북구 북악산로 852-1,서울특별시 성북구 정릉동 45-12,37.59884776,127.0187162,정릉동 삼덕세차장,4,0,,,,2017,성북구청,02-2241-3515,2020-09-23,3070000,서울특별시 성북구,서울
1289,16356,P0009,서울특별시,성북구,구도,0,보국문로,3,서울특별시 성북구 보국문로 37,서울특별시 성북구 정릉동 404-41,37.60788035,127.0098938,신한은행 정릉지점,4,0,,,,2016,성북구청,02-2241-3515,2020-09-23,3070000,서울특별시 성북구,서울
1291,16358,P0011,서울특별시,성북구,구도,0,동소문로,3,서울특별시 성북구 동소문로44길 26,서울특별시 성북구 하월곡동 88-957,37.60617247,127.0292684,광태오토바이,4,0,,,,2017,성북구청,02-2241-3515,2020-09-23,3070000,서울특별시 성북구,서울
1330,16441,N145,서울특별시,금천구,특별시도,0,시흥대로79길,3,서울특별시 금천구 도하어린이공원,서울특별시 금천구 독산동 1152-6,37.45807499,126.896886,서울특별시 금천구 시흥대로 도하어린이공원,4,0,,,2,2019,금천구청,02-2627-1763,2021-08-03,3170000,서울특별시 금천구,서울
1331,16442,N146,서울특별시,금천구,특별시도,0,두산로14길,3,서울특별시 금천구 두산로14길 가산중학교 앞,서울특별시 금천구 독산동 287-8,37.46961778,126.8978536,서울특별시 금천구 두산로14길 가산중학교 앞,4,0,,,,2019,금천구청,02-2627-1763,2021-08-03,3170000,서울특별시 금천구,서울
1332,16443,N147,서울특별시,금천구,특별시도,0,호암로 터널방향,3,서울특별시 금천구 호암로 터널방향,서울특별시 금천구 시흥동 1013-12,37.44788464,126.9203272,서울특별시 금천구 호암로 터널방향,4,0,,,,2019,금천구청,02-2627-1763,2021-08-03,3170000,서울특별시 금천구,서울
1333,16444,N148,서울특별시,금천구,특별시도,0,가산로 99,3,서울특별시 금천구 가산로 가산테라타워 교차로 앞,서울특별시 금천구 가산동 152-27,37.4765356,126.8906539,서울특별시 금천구 가산로 가산테라타워 교차로 앞,4,0,,,2,2020,금천구청,02-2627-1763,2021-08-03,3170000,서울특별시 금천구,서울
1334,16445,N149,서울특별시,금천구,특별시도,0,벚꽃로38길 29,3,서울특별시 금천구 벚꽃로 먹거리촌 앞 회전교차로,서울특별시 금천구 가산동 42-5,37.48232335,126.8846235,서울특별시 금천구 벚꽃로 먹거리촌 앞 회전교차로,4,0,,,2,2020,금천구청,02-2627-1763,2021-08-03,3170000,서울특별시 금천구,서울
1335,16446,N150,서울특별시,금천구,특별시도,0,독산로85길 36,3,서울특별시 금천구 독산로 독산 오르페움타워 앞,서울특별시 금천구 독산로85길 36,37.47256276,126.9015929,서울특별시 금천구 독산 오르페움타워 앞,4,0,,,,2020,금천구청,02-2627-1763,2021-08-03,3170000,서울특별시 금천구,서울
1336,16447,N151,서울특별시,금천구,특별시도,0,가산디지털2로 40,3,서울특별시 금천구 가산디지털2로 홍주 인터내셔널 앞 사거리,서울특별시 금천구 가산동 327-4,37.47227683,126.8833393,서울특별시 금천구 홍주 인터내셔널 앞 사거리,4,0,,,,2020,금천구청,02-2627-1763,2021-08-03,3170000,서울특별시 금천구,서울
1337,16448,N152,서울특별시,금천구,특별시도,0,가산디지털1로 83,3,서울특별시 금천구 가산디지털1로 파트너스타워1차 앞 삼거리,서울특별시 금천구 가산동 345-13,37.47322077,126.8842986,서울특별시 금천구 파트너스타워1차 앞 삼거리,4,0,,,,2020,금천구청,02-2627-1763,2021-08-03,3170000,서울특별시 금천구,서울
1338,16449,N153,서울특별시,금천구,특별시도,0,가산디지털2로 165,3,서울특별시 금천구 가산디지털2로 백상스타타워2차 앞 사거리,서울특별시 금천구 가산동 459-22,37.48243138,126.8774639,서울특별시 금천구 백상스타타워2차 앞 사거리,4,0,,,,2020,금천구청,02-2627-1763,2021-08-03,3170000,서울특별시 금천구,서울
1339,16450,N154,서울특별시,금천구,특별시도,0,가산디지털1로 205,3,서울특별시 금천구 가산디지털1로 KCC 웰츠벨리 앞 삼거리,서울특별시 금천구 가산동 470-8,37.48393878,126.8795739,서울특별시 금천구 가산디지털1로  KCC 웰츠벨리 앞 삼거리,4,0,,,,2020,금천구청,02-2627-1763,2021-08-03,3170000,서울특별시 금천구,서울
1340,16451,N155,서울특별시,금천구,특별시도,0,시흥대로151길 45,3,서울특별시 금천구 시흥대로 덕산아파트상가 앞 사거리,서울특별시 금천구 가산동 148-1,37.47705419,126.8962169,서울특별시 금천구 시흥대로 덕산아파트상가 앞 사거리,4,0,,,2,2020,금천구청,02-2627-1763,2021-08-03,3170000,서울특별시 금천구,서울
1341,16452,N156,서울특별시,금천구,특별시도,0,독산로 87,3,서울특별시 금천구 독산로 시흥초등학교 앞 삼거리,서울특별시 금천구 시흥동 841-5,37.45514961,126.9057636,서울특별시 금천구 독산로 시흥초등학교 앞 삼거리,4,0,,,2,2020,금천구청,02-2627-1763,2021-08-03,3170000,서울특별시 금천구,서울
1343,16614,주정차단속-035,서울특별시,마포구,구도,841,와우산로30길,3,서울특별시 마포구 와우산로30길 36,,37.5532633,126.9298391,와우공원 진입로,4,0,,,,2018,마포구청,02-3153-9655,2020-10-29,3130000,서울특별시 마포구,서울
1352,16623,주정차단속-044,서울특별시,마포구,구도,151,양화로18안길,3,서울특별시 마포구 양화로18안길 21,,37.55701251,126.9256707,윗잔다리어린이공원 앞,4,0,,,,2018,마포구청,02-3153-9655,2020-10-29,3130000,서울특별시 마포구,서울
1353,16624,주정차단속-045,서울특별시,마포구,구도,985,와우산로35길,3,서울특별시 마포구 와우산로35길 53,,37.55644447,126.9279257,애경타운 주변,4,0,,,,2018,마포구청,02-3153-9655,2020-10-29,3130000,서울특별시 마포구,서울
1359,16630,주정차단속-053,서울특별시,마포구,구도,50,월드컵로,3,서울특별시 마포구 월드컵로1길 14,,37.55005106,126.9120616,마포한강푸르지오 앞,4,0,,,,2016,마포구청,02-3153-9655,2020-10-29,3130000,서울특별시 마포구,서울
1360,16631,주정차단속-054,서울특별시,마포구,구도,1024,양화로3길,3,서울특별시 마포구 월드컵로1길 11,,37.54946379,126.9123022,한강푸르지오 4가,4,0,,,,2018,마포구청,02-3153-9655,2020-10-29,3130000,서울특별시 마포구,서울
1361,16632,주정차단속-055,서울특별시,마포구,구도,173,동교로,3,서울특별시 마포구 동교로 24,,37.55204242,126.9052737,망원정 사거리,4,0,,,,2018,마포구청,02-3153-9655,2020-10-29,3130000,서울특별시 마포구,서울
1363,16634,주정차단속-057,서울특별시,마포구,구도,없음,독막로20나길,3,서울특별시 마포구 독막로20나길 22,,37.5460703,126.924894,밤섬래미안리베뉴 앞,4,0,,,,2017,마포구청,02-3153-9655,2020-10-29,3130000,서울특별시 마포구,서울
1409,17199,주정차단속-026,서울특별시,마포구,구도,없음,백범로36가길,3,서울특별시 마포구 백범로36가길 76,,37.54563848,126.9458695,공덕파크자이 옆,4,0,,,,2018,마포구청,02-3153-9655,2020-10-29,3130000,서울특별시 마포구,서울
1420,17473,주정차단속-001,서울특별시,마포구,구도,107,만리재옛길,3,서울특별시 마포구 만리재옛길 13,,37.54580443,126.9548225,공덕초등학교 주변(새마을금고 앞),4,0,,,2,2016,마포구청,02-3153-9655,2020-10-29,3130000,서울특별시 마포구,서울
1423,17476,주정차단속-004,서울특별시,마포구,구도,없음,신촌로34길,3,서울특별시 마포구 신촌로34길 41,,37.55549929,126.9551426,행화정교회 주변(아현시장 입구),4,0,,,,2016,마포구청,02-3153-9655,2020-10-29,3130000,서울특별시 마포구,서울
1424,17477,주정차단속-005,서울특별시,마포구,구도,없음,마포대로11길,3,서울특별시 마포구 마포대로 197,,37.55195616,126.9540719,공덕지구대 앞,4,0,,,,2018,마포구청,02-3153-9655,2020-10-29,3130000,서울특별시 마포구,서울
1427,17480,주정차단속-008,서울특별시,마포구,구도,646,새창로6길,3,서울특별시 마포구 도화4길 35,,37.54046207,126.9516982,동원베네스트 아파트 앞,4,0,,,,2017,마포구청,02-3153-9655,2020-10-29,3130000,서울특별시 마포구,서울
1429,17482,주정차단속-010,서울특별시,마포구,구도,685,마포대로4나길,3,서울특별시 마포구 마포대로4나길 28,,37.53799783,126.9454858,진선미 어린이집 앞,4,0,,,2,2018,마포구청,02-3153-9655,2020-10-29,3130000,서울특별시 마포구,서울
1434,17487,주정차단속-015,서울특별시,마포구,구도,113,새창로,3,서울특별시 마포구 새창로 28,,37.54166991,126.9529421,공덕역 10번출구 앞,4,0,,,,2018,마포구청,02-3153-9655,2020-10-29,3130000,서울특별시 마포구,서울
1437,17490,주정차단속-018,서울특별시,마포구,구도,119,큰우물로,3,서울특별시 마포구 마포대로 45,,37.54047418,126.9463756,일진빌딩 앞,4,0,,,,2016,마포구청,02-3153-9655,2020-10-29,3130000,서울특별시 마포구,서울
1443,17496,주정차단속-025,서울특별시,마포구,구도,758,백범로1길,3,서울특별시 마포구 백범로1길 56,,37.55491917,126.9392942,창천초 앞,4,0,,,2,2018,마포구청,02-3153-9655,2020-10-29,3130000,서울특별시 마포구,서울
1572,17876,용신_0042,서울특별시,동대문구,기타,0,하정로,3,서울특별시 동대문구 하정로 44,서울특별시 동대문구 신설동 92-10,37.574912,127.026788,옛 구청사 사거리,4,0,,,,2017,동대문구청,02-2127-4098,2021-06-23,3050000,서울특별시 동대문구,서울
1576,17880,휘경2_0032,서울특별시,동대문구,기타,0,장안벚꽃로5길,3,서울특별시 동대문구 장안벚꽃로5길 30,서울특별시 동대문구 휘경동 49-181,37.5814127,127.073465,-,4,0,,,,2017,동대문구청,02-2127-4098,2021-06-23,3050000,서울특별시 동대문구,서울
1655,18065,P0047,서울특별시,동대문구,기타,0,한빛로,3,서울특별시 동대문구 한빛로 11,서울특별시 동대문구 신설동 67-1,37.577012,127.024537,남서울대학 후문 맞은편,4,0,,,,2017,동대문구청,02-2127-4098,2021-06-23,3050000,서울특별시 동대문구,서울
1656,18066,P0048,서울특별시,동대문구,기타,0,약령시로,3,서울특별시 동대문구 약령시로 10,서울특별시 동대문구 제기동 148-17,37.582525,127.030876,종암초교 (미래빌딩 앞),4,0,,,,2017,동대문구청,02-2127-4098,2021-06-23,3050000,서울특별시 동대문구,서울
1657,18067,P0049,서울특별시,동대문구,기타,0,답십리로,3,서울특별시 동대문구 답십리로 158,서울특별시 동대문구 답십리동 53-3,37.57274257,127.057663,답십리사거리 마트앞,4,0,,,,2017,동대문구청,02-2127-4098,2021-06-23,3050000,서울특별시 동대문구,서울
1658,18068,P0050,서울특별시,동대문구,기타,0,답십리로,3,서울특별시 동대문구 답십리로 130,서울특별시 동대문구 답십리동 1003,37.572781,127.054721,답십리 래미안위브아파트 교차로 편의점앞,4,0,,,,2017,동대문구청,02-2127-4098,2021-06-23,3050000,서울특별시 동대문구,서울
1659,18069,P0051,서울특별시,동대문구,기타,0,답십리로56길,3,서울특별시 동대문구 답십리로56길 15,서울특별시 동대문구 답십리동 990-3,37.571962,127.059635,청소년독서실 앞,4,0,,,,2017,동대문구청,02-2127-4098,2021-06-23,3050000,서울특별시 동대문구,서울
1660,18070,P0052,서울특별시,동대문구,기타,0,장안벚꽃로,3,서울특별시 동대문구 장안벚꽃로 167,서울특별시 동대문구 장안동 329-3,37.574936,127.0742821,마로니에공원,4,0,,,,2017,동대문구청,02-2127-4098,2021-06-23,3050000,서울특별시 동대문구,서울
1661,18071,P0053,서울특별시,동대문구,기타,0,장안벚꽃로,3,서울특별시 동대문구 장안벚꽃로 205,서울특별시 동대문구 장안동 328,37.577793,127.0757616,은석초교 정문 앞,4,0,,,,2017,동대문구청,02-2127-4098,2021-06-23,3050000,서울특별시 동대문구,서울
1662,18072,P0054,서울특별시,동대문구,기타,0,한천로55길,3,서울특별시 동대문구 한천로55길 9,서울특별시 동대문구 이문동 73,37.595856,127.067457,이문삼익아파트 대로변,4,0,,,,2017,동대문구청,02-2127-4098,2021-06-23,3050000,서울특별시 동대문구,서울
1663,18073,P0055,서울특별시,동대문구,기타,0,망우로20길,3,서울특별시 동대문구 망우로20길 86,서울특별시 동대문구 휘경동 368,37.590596,127.0655317,브라운스톤@ 정문앞,4,0,,,,2017,동대문구청,02-2127-4098,2021-06-23,3050000,서울특별시 동대문구,서울
1664,18074,P0056,서울특별시,동대문구,기타,0,망우로21길,3,서울특별시 동대문구 망우로21길 52,서울특별시 동대문구 휘경동 192-5,37.5902556,127.059381,회기역2번 출구 신생빌딩 맞은편,4,0,,,,2018,동대문구청,02-2127-4098,2021-06-23,3050000,서울특별시 동대문구,서울
1665,18075,P0057,서울특별시,동대문구,기타,0,답십리로56길 125,3,서울특별시 동대문구 답십리로56길 126,서울특별시 동대문구 답십리동 21-77,37.567621,127.057809,답십리현대시장 입구 옆(소문난곱창 옆),4,0,,,,2019,동대문구청,02-2127-4098,2021-06-23,3050000,서울특별시 동대문구,서울
1666,18081,P0058,서울특별시,동대문구,기타,0,한빛로 29,3,서울특별시 동대문구 한빛로 29,서울특별시 동대문구 신설동 45-2,37.57834392,127.025603,남서울대학교 / 대광중·고교 통학로,4,0,,,,2019,동대문구청,02-2127-4098,2021-06-23,3050000,서울특별시 동대문구,서울
1667,18082,P0059,서울특별시,동대문구,기타,0,고산자로28길,3,서울특별시 동대문구 고산자로28길 39,서울특별시 동대문구 용두동 39-714,37.57497077,127.040439,동대문보건소 앞,4,0,,,,2019,동대문구청,02-2127-4098,2021-06-23,3050000,서울특별시 동대문구,서울
1668,18083,P0060,서울특별시,동대문구,기타,0,답십리로29길,3,서울특별시 동대문구 답십리로23길 30,서울특별시 동대문구 전농동 695,37.57672448,127.0496315,"롯데캐슬노를레스아파트104동 동측부, 롯데캐슬 노블레스 아파트 옆길",4,0,,,,2019,동대문구청,02-2127-4098,2021-06-23,3050000,서울특별시 동대문구,서울
1669,18084,P0061,서울특별시,동대문구,기타,0,황물로15길28,3,서울특별시 동대문구 황물로15길 28,서울특별시 동대문구 답십리동 956-38,37.56594249,127.0582254,두산위브아파트 후문,4,0,,,,2020,동대문구청,02-2127-4098,2021-06-23,3050000,서울특별시 동대문구,서울
1670,18085,P0062,서울특별시,동대문구,기타,0,약령시로 51,3,서울특별시 동대문구 약령시로 51,서울특별시 동대문구 제기동 1193,37.58293156,127.0357641,-,4,0,,,,2020,동대문구청,02-2127-4098,2021-06-23,3050000,서울특별시 동대문구,서울
1757,19065,39,서울특별시,광진구,구도,3109,자양로,3,서울특별시 광진구 자양로 45,서울특별시 광진구 자양동 679-30,37.532018,127.085371,한국보건의료인 국가시험원 앞,4,0,,,,2019,서울특별시 광진구청,02-450-1485,2021-06-23,3040000,서울특별시 광진구,서울
1758,19066,40,서울특별시,광진구,구도,405,능동로,3,서울특별시 광진구 능동로 433,서울특별시 광진구 중곡동 168-8,37.567767,127.084713,중곡문화체육센터 앞,4,0,,,,2019,서울특별시 광진구청,02-450-1485,2021-06-23,3040000,서울특별시 광진구,서울
1759,19067,41,서울특별시,광진구,구도,3107,아차산로,3,서울특별시 광진구 아차산로 522,서울특별시 광진구 광장동 565,37.541929,127.0989833,광장 힐스테이 상가 건너편,4,0,,,,2019,서울특별시 광진구청,02-450-1485,2021-06-23,3040000,서울특별시 광진구,서울
1760,19068,42,서울특별시,광진구,특별시도,3109,자양로,3,서울특별시 광진구 자양로 185,서울특별시 광진구 구의동 253-15,37.544176,127.084728,구의동 대림바스플랜 앞,4,0,,,,2020,서울특별시 광진구청,02-450-1485,2021-06-23,3040000,서울특별시 광진구,서울
1761,19069,43,서울특별시,광진구,특별시도,3109,자양로,3,서울특별시 광진구 자양로 116,서울특별시 광진구 구의동 252-16,37.538139,127.083753,구의동 웰츠타워 앞,4,0,,,,2020,서울특별시 광진구청,02-450-1485,2021-06-23,3040000,서울특별시 광진구,서울
1762,19070,44,서울특별시,광진구,구도,없음,영화사로,3,서울특별시 영화사로 95,서울특별시 구의동 17-1,37.554629,127.096634,구의동 금성빌라 앞,4,0,,,2,2020,서울특별시 광진구청,02-450-1486,2021-06-23,3040000,서울특별시 광진구,서울
1763,19071,45,서울특별시,광진구,특별시도,405,능동로,3,서울특별시 능동로 18,서울특별시 자양동 855,37.533363,127.068534,이튼타워리버3차 앞,4,0,,,2,2020,서울특별시 광진구청,02-450-1487,2021-06-23,3040000,서울특별시 광진구,서울
1791,19132,4,서울특별시,광진구,특별시도,3001,광나루로,3,서울특별시 광진구 광나루로 369,서울특별시 광진구 군자동 503,37.547979,127.071019,두산위브 앞,4,0,,,2,2016,서울특별시 광진구청,02-450-1485,2021-06-23,3040000,서울특별시 광진구,서울
1792,19133,36,서울특별시,광진구,특별시도,4805,면목로,3,서울특별시 광진구 면목로 127,서울특별시 광진구 중곡동 231-2,37.564843,127.080667,신성그랜드타워 앞,4,0,,,2,2018,서울특별시 광진구청,02-450-1485,2021-06-23,3040000,서울특별시 광진구,서울
1793,19134,37,서울특별시,광진구,특별시도,3111,뚝섬로,3,서울특별시 광진구 뚝섬로 666,서울특별시 광진구 자양동 662-2,37.531557,127.083472,성자초등학교 옆,4,0,,,2,2018,서울특별시 광진구청,02-450-1485,2021-06-23,3040000,서울특별시 광진구,서울
