연도,대상사고 구분명,법정동코드,행정구,사고건수,사고건수 구성비,사망자수,사망자수 구성비,치사율,부상자수,부상자수 구성비,인구10만명당 사고건수,자동차1만대당 사고건수,과속,중앙선 침범,신호위반,안전거리 미확보,안전운전 의무 불이행,보행자 보호의무 위반,기타,차대사람,차대차,차량단독,철길건널목
2016,전체,1101,종로구,1299,0.59,9,0.21,0.69,1748,0.53,802.24,206.46,0,31,143,247,678,37,106,393,860,46,0
2016,어린이사고,1101,종로구,22,0.2,0,0,0,25,0.18,,,,,,,,,,,,,
2016,노인사고,1101,종로구,173,0.48,5,0.29,2.89,177,0.46,,,,,,,,,,,,,
2016,보행자사고,1101,종로구,394,0.8,7,0.41,1.78,397,0.8,,,,,,,,,,,,,
2016,자전거사고,1101,종로구,22,0.37,0,0,0,23,0.37,,,,,,,,,,,,,
2016,야간사고,1101,종로구,588,0.62,7,0.32,1.19,834,0.58,,,,,,,,,,,,,
2016,어린이보행사고,1101,종로구,8,0.19,0,0,0,8,0.18,,,,,,,,,,,,,
2016,스쿨존내어린이사고,1101,종로구,4,0.83,0,0,0,4,0.78,,,,,,,,,,,,,
2016,고령운전사고,1101,종로구,163,0.67,2,0.26,1.23,214,0.6,,,,,,,,,,,,,
2016,고령보행사고,1101,종로구,76,0.67,5,0.58,6.58,71,0.66,,,,,,,,,,,,,
2016,뺑소니사고,1101,종로구,30,0.36,0,0,0,41,0.33,,,,,,,,,,,,,
2016,무면허사고,1101,종로구,12,0.3,0,0,0,19,0.33,,,,,,,,,,,,,
2017,전체,1101,종로구,1190,0.55,13,0.31,1.09,1689,0.52,724.47,185.31,1,35,146,226,598,43,90,333,810,47,0
2017,어린이사고,1101,종로구,34,0.31,0,0,0,40,0.3,,,,,,,,,,,,,
2017,노인사고,1101,종로구,192,0.51,7,0.4,3.65,200,0.49,,,,,,,,,,,,,
2017,보행자사고,1101,종로구,334,0.7,8,0.48,2.4,339,0.71,,,,,,,,,,,,,
2017,자전거사고,1101,종로구,29,0.51,0,0,0,29,0.49,,,,,,,,,,,,,
2017,야간사고,1101,종로구,514,0.57,9,0.43,1.75,767,0.56,,,,,,,,,,,,,
2017,어린이보행사고,1101,종로구,13,0.32,0,0,0,13,0.32,,,,,,,,,,,,,
2017,스쿨존내어린이사고,1101,종로구,3,0.63,0,0,0,3,0.62,,,,,,,,,,,,,
2017,고령운전사고,1101,종로구,180,0.67,4,0.47,2.22,276,0.71,,,,,,,,,,,,,
2017,고령보행사고,1101,종로구,78,0.65,5,0.55,6.41,74,0.66,,,,,,,,,,,,,
2017,PM사고,1101,종로구,2,1.71,0,0,0,2,1.61,,,,,,,,,,,,,
2017,뺑소니사고,1101,종로구,23,0.29,0,0,0,38,0.33,,,,,,,,,,,,,
2017,무면허사고,1101,종로구,14,0.27,0,0,0,24,0.32,,,,,,,,,,,,,
2018,전체,1101,종로구,1134,0.52,6,0.16,0.53,1546,0.48,695.59,177.51,1,24,133,216,585,34,95,336,757,41,0
2018,어린이사고,1101,종로구,28,0.28,0,0,0,33,0.26,,,,,,,,,,,,,
2018,노인사고,1101,종로구,191,0.49,1,0.06,0.52,208,0.5,,,,,,,,,,,,,
2018,보행자사고,1101,종로구,340,0.74,4,0.27,1.18,341,0.73,,,,,,,,,,,,,
2018,자전거사고,1101,종로구,21,0.44,0,0,0,22,0.44,,,,,,,,,,,,,
2018,야간사고,1101,종로구,534,0.59,3,0.16,0.56,742,0.55,,,,,,,,,,,,,
2018,어린이보행사고,1101,종로구,8,0.22,0,0,0,8,0.22,,,,,,,,,,,,,
2018,스쿨존내어린이사고,1101,종로구,6,1.38,0,0,0,6,1.27,,,,,,,,,,,,,
2018,고령운전사고,1101,종로구,205,0.68,0,0,0,295,0.68,,,,,,,,,,,,,
2018,고령보행사고,1101,종로구,80,0.68,1,0.12,1.25,79,0.71,,,,,,,,,,,,,
2018,PM사고,1101,종로구,3,1.33,0,0,0,3,1.26,,,,,,,,,,,,,
2018,뺑소니사고,1101,종로구,17,0.22,0,0,0,28,0.25,,,,,,,,,,,,,
2018,무면허사고,1101,종로구,7,0.13,0,0,0,7,0.09,,,,,,,,,,,,,
2019,전체,1101,종로구,1133,0.49,6,0.18,0.53,1559,0.46,734.68,178.93,0,24,155,188,613,45,68,305,781,47,0
2019,어린이사고,1101,종로구,20,0.18,0,0,0,25,0.18,,,,,,,,,,,,,
2019,노인사고,1101,종로구,184,0.45,2,0.13,1.09,201,0.45,,,,,,,,,,,,,
2019,보행자사고,1101,종로구,308,0.66,3,0.23,0.97,319,0.68,,,,,,,,,,,,,
2019,자전거사고,1101,종로구,19,0.34,1,1.27,5.26,18,0.3,,,,,,,,,,,,,
2019,야간사고,1101,종로구,480,0.53,5,0.31,1.04,672,0.5,,,,,,,,,,,,,
2019,어린이보행사고,1101,종로구,7,0.18,0,0,0,7,0.18,,,,,,,,,,,,,
2019,고령운전사고,1101,종로구,190,0.57,0,0,0,276,0.57,,,,,,,,,,,,,
2019,고령보행사고,1101,종로구,59,0.48,2,0.27,3.39,58,0.5,,,,,,,,,,,,,
2019,PM사고,1101,종로구,1,0.22,0,0,0,1,0.21,,,,,,,,,,,,,
2019,뺑소니사고,1101,종로구,20,0.28,1,1.11,5,27,0.26,,,,,,,,,,,,,
2019,무면허사고,1101,종로구,15,0.29,0,0,0,22,0.3,,,,,,,,,,,,,
2020,전체,1101,종로구,903,0.43,5,0.16,0.55,1224,0.4,567.94,142.25,0,31,108,166,463,30,70,223,648,32,0
2020,어린이사고,1101,종로구,16,0.19,0,0,0,19,0.18,,,,,,,,,,,,,
2020,노인사고,1101,종로구,147,0.42,2,0.15,1.36,153,0.4,,,,,,,,,,,,,
2020,보행자사고,1101,종로구,226,0.62,2,0.18,0.88,234,0.63,,,,,,,,,,,,,
2020,자전거사고,1101,종로구,43,0.33,1,0.51,2.33,46,0.34,,,,,,,,,,,,,
2020,야간사고,1101,종로구,377,0.45,1,0.07,0.27,520,0.43,,,,,,,,,,,,,
2020,어린이보행사고,1101,종로구,2,0.1,0,0,0,3,0.14,,,,,,,,,,,,,
2020,스쿨존내어린이사고,1101,종로구,1,0.21,0,0,0,1,0.2,,,,,,,,,,,,,
2020,고령운전사고,1101,종로구,145,0.47,0,0,0,202,0.46,,,,,,,,,,,,,
2020,고령보행사고,1101,종로구,57,0.59,2,0.32,3.51,56,0.61,,,,,,,,,,,,,
2020,PM사고,1101,종로구,7,0.78,0,0,0,8,0.81,,,,,,,,,,,,,
2020,뺑소니사고,1101,종로구,31,0.42,0,0,0,44,0.42,,,,,,,,,,,,,
2020,무면허사고,1101,종로구,8,0.15,0,0,0,10,0.13,,,,,,,,,,,,,
2016,전체,1102,중구,1288,0.58,17,0.4,1.32,1716,0.52,958.27,193.75,1,37,160,297,611,41,92,345,906,37,0
2016,어린이사고,1102,중구,25,0.22,0,0,0,31,0.22,,,,,,,,,,,,,
2016,노인사고,1102,중구,139,0.39,6,0.35,4.32,143,0.37,,,,,,,,,,,,,
2016,보행자사고,1102,중구,350,0.71,12,0.7,3.43,357,0.72,,,,,,,,,,,,,
2016,자전거사고,1102,중구,6,0.1,0,0,0,6,0.1,,,,,,,,,,,,,
2016,야간사고,1102,중구,565,0.59,11,0.51,1.95,787,0.55,,,,,,,,,,,,,
2016,어린이보행사고,1102,중구,6,0.14,0,0,0,7,0.16,,,,,,,,,,,,,
2016,고령운전사고,1102,중구,186,0.76,2,0.26,1.08,250,0.7,,,,,,,,,,,,,
2016,고령보행사고,1102,중구,67,0.59,6,0.69,8.96,63,0.59,,,,,,,,,,,,,
2016,뺑소니사고,1102,중구,6,0.07,0,0,0,11,0.09,,,,,,,,,,,,,
2016,무면허사고,1102,중구,9,0.23,0,0,0,20,0.35,,,,,,,,,,,,,
2017,전체,1102,중구,1252,0.58,4,0.1,0.32,1684,0.52,930.21,188.7,0,40,132,301,623,34,84,316,896,40,0
2017,어린이사고,1102,중구,25,0.23,0,0,0,29,0.22,,,,,,,,,,,,,
2017,노인사고,1102,중구,156,0.42,1,0.06,0.64,168,0.41,,,,,,,,,,,,,
2017,보행자사고,1102,중구,318,0.67,1,0.06,0.31,325,0.68,,,,,,,,,,,,,
2017,자전거사고,1102,중구,12,0.21,0,0,0,12,0.2,,,,,,,,,,,,,
2017,야간사고,1102,중구,542,0.6,3,0.14,0.55,742,0.55,,,,,,,,,,,,,
2017,어린이보행사고,1102,중구,9,0.22,0,0,0,9,0.22,,,,,,,,,,,,,
2017,스쿨존내어린이사고,1102,중구,1,0.21,0,0,0,1,0.21,,,,,,,,,,,,,
2017,고령운전사고,1102,중구,170,0.64,1,0.12,0.59,238,0.62,,,,,,,,,,,,,
2017,고령보행사고,1102,중구,74,0.62,0,0,0,76,0.68,,,,,,,,,,,,,
2017,뺑소니사고,1102,중구,14,0.18,0,0,0,15,0.13,,,,,,,,,,,,,
2017,무면허사고,1102,중구,10,0.19,0,0,0,14,0.19,,,,,,,,,,,,,
2018,전체,1102,중구,1128,0.52,9,0.24,0.8,1506,0.47,831.66,169.84,5,31,140,228,591,22,64,291,796,41,0
2018,어린이사고,1102,중구,23,0.23,0,0,0,25,0.2,,,,,,,,,,,,,
2018,노인사고,1102,중구,164,0.42,3,0.18,1.83,166,0.4,,,,,,,,,,,,,
2018,보행자사고,1102,중구,292,0.64,4,0.27,1.37,297,0.64,,,,,,,,,,,,,
2018,자전거사고,1102,중구,14,0.29,1,1.1,7.14,13,0.26,,,,,,,,,,,,,
2018,야간사고,1102,중구,481,0.53,7,0.38,1.46,629,0.47,,,,,,,,,,,,,
2018,어린이보행사고,1102,중구,4,0.11,0,0,0,4,0.11,,,,,,,,,,,,,
2018,고령운전사고,1102,중구,208,0.69,3,0.36,1.44,276,0.63,,,,,,,,,,,,,
2018,고령보행사고,1102,중구,66,0.56,2,0.24,3.03,64,0.58,,,,,,,,,,,,,
2018,뺑소니사고,1102,중구,13,0.17,0,0,0,17,0.15,,,,,,,,,,,,,
2018,무면허사고,1102,중구,12,0.23,0,0,0,15,0.2,,,,,,,,,,,,,
2019,전체,1102,중구,1184,0.52,5,0.15,0.42,1615,0.47,910.03,179.15,4,28,174,279,576,29,53,284,862,38,0
2019,어린이사고,1102,중구,24,0.22,0,0,0,30,0.21,,,,,,,,,,,,,
2019,노인사고,1102,중구,151,0.37,3,0.2,1.99,153,0.34,,,,,,,,,,,,,
2019,보행자사고,1102,중구,288,0.62,4,0.31,1.39,293,0.62,,,,,,,,,,,,,
2019,자전거사고,1102,중구,23,0.41,0,0,0,25,0.42,,,,,,,,,,,,,
2019,야간사고,1102,중구,465,0.51,1,0.06,0.22,682,0.51,,,,,,,,,,,,,
2019,어린이보행사고,1102,중구,6,0.16,0,0,0,6,0.15,,,,,,,,,,,,,
2019,고령운전사고,1102,중구,213,0.64,1,0.13,0.47,284,0.59,,,,,,,,,,,,,
2019,고령보행사고,1102,중구,49,0.4,2,0.27,4.08,48,0.41,,,,,,,,,,,,,
2019,PM사고,1102,중구,2,0.45,0,0,0,2,0.42,,,,,,,,,,,,,
2019,뺑소니사고,1102,중구,16,0.22,0,0,0,25,0.24,,,,,,,,,,,,,
2019,무면허사고,1102,중구,16,0.31,0,0,0,23,0.31,,,,,,,,,,,,,
2020,전체,1102,중구,955,0.46,6,0.19,0.63,1248,0.41,709.33,145.68,3,30,118,197,480,24,58,239,678,38,0
2020,어린이사고,1102,중구,14,0.17,0,0,0,15,0.14,,,,,,,,,,,,,
2020,노인사고,1102,중구,161,0.46,2,0.15,1.24,163,0.43,,,,,,,,,,,,,
2020,보행자사고,1102,중구,246,0.67,1,0.09,0.41,254,0.69,,,,,,,,,,,,,
2020,자전거사고,1102,중구,37,0.29,0,0,0,38,0.28,,,,,,,,,,,,,
2020,야간사고,1102,중구,411,0.49,4,0.27,0.97,548,0.45,,,,,,,,,,,,,
2020,어린이보행사고,1102,중구,7,0.34,0,0,0,7,0.33,,,,,,,,,,,,,
2020,스쿨존내어린이사고,1102,중구,2,0.41,0,0,0,2,0.39,,,,,,,,,,,,,
2020,고령운전사고,1102,중구,175,0.56,0,0,0,224,0.51,,,,,,,,,,,,,
2020,고령보행사고,1102,중구,67,0.69,1,0.16,1.49,66,0.71,,,,,,,,,,,,,
2020,PM사고,1102,중구,8,0.89,0,0,0,9,0.91,,,,,,,,,,,,,
2020,뺑소니사고,1102,중구,14,0.19,0,0,0,17,0.16,,,,,,,,,,,,,
2020,무면허사고,1102,중구,15,0.28,0,0,0,18,0.24,,,,,,,,,,,,,
2016,전체,1103,용산구,1428,0.65,12,0.28,0.84,2069,0.62,582.61,155.08,6,55,138,318,733,27,109,302,1079,47,0
2016,어린이사고,1103,용산구,38,0.34,0,0,0,45,0.32,,,,,,,,,,,,,
2016,노인사고,1103,용산구,167,0.47,4,0.23,2.4,171,0.45,,,,,,,,,,,,,
2016,보행자사고,1103,용산구,304,0.62,8,0.47,2.63,310,0.62,,,,,,,,,,,,,
2016,자전거사고,1103,용산구,48,0.81,0,0,0,55,0.87,,,,,,,,,,,,,
2016,야간사고,1103,용산구,697,0.73,7,0.32,1,1060,0.74,,,,,,,,,,,,,
2016,어린이보행사고,1103,용산구,11,0.26,0,0,0,11,0.25,,,,,,,,,,,,,
2016,스쿨존내어린이사고,1103,용산구,1,0.21,0,0,0,1,0.2,,,,,,,,,,,,,
2016,고령운전사고,1103,용산구,165,0.68,0,0,0,235,0.66,,,,,,,,,,,,,
2016,고령보행사고,1103,용산구,57,0.5,4,0.46,7.02,53,0.5,,,,,,,,,,,,,
2016,뺑소니사고,1103,용산구,34,0.41,0,0,0,62,0.51,,,,,,,,,,,,,
2016,무면허사고,1103,용산구,14,0.35,0,0,0,20,0.35,,,,,,,,,,,,,
2017,전체,1103,용산구,1337,0.62,12,0.29,0.9,1949,0.6,546.96,142.87,7,47,108,257,718,26,128,286,994,57,0
2017,어린이사고,1103,용산구,35,0.32,0,0,0,48,0.36,,,,,,,,,,,,,
2017,노인사고,1103,용산구,163,0.43,2,0.11,1.23,170,0.42,,,,,,,,,,,,,
2017,보행자사고,1103,용산구,292,0.62,8,0.48,2.74,300,0.63,,,,,,,,,,,,,
2017,자전거사고,1103,용산구,41,0.72,0,0,0,47,0.79,,,,,,,,,,,,,
2017,야간사고,1103,용산구,634,0.7,10,0.47,1.58,973,0.72,,,,,,,,,,,,,
2017,어린이보행사고,1103,용산구,13,0.32,0,0,0,15,0.37,,,,,,,,,,,,,
2017,고령운전사고,1103,용산구,194,0.73,0,0,0,285,0.74,,,,,,,,,,,,,
2017,고령보행사고,1103,용산구,62,0.52,2,0.22,3.23,60,0.53,,,,,,,,,,,,,
2017,뺑소니사고,1103,용산구,22,0.28,0,0,0,31,0.27,,,,,,,,,,,,,
2017,무면허사고,1103,용산구,22,0.43,0,0,0,33,0.44,,,,,,,,,,,,,
2018,전체,1103,용산구,1330,0.61,14,0.37,1.05,1852,0.57,542.66,142.2,4,51,111,249,728,22,113,295,990,45,0
2018,어린이사고,1103,용산구,34,0.34,0,0,0,39,0.31,,,,,,,,,,,,,
2018,노인사고,1103,용산구,170,0.44,7,0.42,4.12,177,0.42,,,,,,,,,,,,,
2018,보행자사고,1103,용산구,300,0.65,8,0.54,2.67,305,0.66,,,,,,,,,,,,,
2018,자전거사고,1103,용산구,26,0.54,0,0,0,34,0.67,,,,,,,,,,,,,
2018,야간사고,1103,용산구,634,0.7,8,0.43,1.26,895,0.67,,,,,,,,,,,,,
2018,어린이보행사고,1103,용산구,12,0.34,0,0,0,12,0.32,,,,,,,,,,,,,
2018,고령운전사고,1103,용산구,231,0.77,1,0.12,0.43,297,0.68,,,,,,,,,,,,,
2018,고령보행사고,1103,용산구,65,0.55,7,0.83,10.77,59,0.53,,,,,,,,,,,,,
2018,PM사고,1103,용산구,2,0.89,0,0,0,2,0.84,,,,,,,,,,,,,
2018,뺑소니사고,1103,용산구,41,0.54,1,0.93,2.44,57,0.51,,,,,,,,,,,,,
2018,무면허사고,1103,용산구,18,0.35,0,0,0,26,0.34,,,,,,,,,,,,,
2019,전체,1103,용산구,1187,0.52,10,0.3,0.84,1614,0.47,509.1,128.09,6,45,116,216,674,25,64,259,896,32,0
2019,어린이사고,1103,용산구,27,0.24,0,0,0,33,0.23,,,,,,,,,,,,,
2019,노인사고,1103,용산구,144,0.35,2,0.13,1.39,151,0.34,,,,,,,,,,,,,
2019,보행자사고,1103,용산구,264,0.57,6,0.46,2.27,272,0.58,,,,,,,,,,,,,
2019,자전거사고,1103,용산구,22,0.39,0,0,0,23,0.38,,,,,,,,,,,,,
2019,야간사고,1103,용산구,580,0.64,6,0.38,1.03,810,0.6,,,,,,,,,,,,,
2019,어린이보행사고,1103,용산구,11,0.29,0,0,0,11,0.28,,,,,,,,,,,,,
2019,스쿨존내어린이사고,1103,용산구,2,0.35,0,0,0,2,0.34,,,,,,,,,,,,,
2019,고령운전사고,1103,용산구,184,0.55,6,0.78,3.26,249,0.52,,,,,,,,,,,,,
2019,고령보행사고,1103,용산구,41,0.33,1,0.13,2.44,41,0.35,,,,,,,,,,,,,
2019,PM사고,1103,용산구,1,0.22,0,0,0,1,0.21,,,,,,,,,,,,,
2019,뺑소니사고,1103,용산구,33,0.46,0,0,0,64,0.62,,,,,,,,,,,,,
2019,무면허사고,1103,용산구,24,0.46,0,0,0,39,0.52,,,,,,,,,,,,,
2020,전체,1103,용산구,890,0.42,12,0.39,1.35,1178,0.38,363.79,92.94,10,24,96,154,509,14,57,155,697,38,0
2020,어린이사고,1103,용산구,24,0.29,0,0,0,28,0.27,,,,,,,,,,,,,
2020,노인사고,1103,용산구,95,0.27,4,0.3,4.21,97,0.25,,,,,,,,,,,,,
2020,보행자사고,1103,용산구,159,0.43,6,0.55,3.77,158,0.43,,,,,,,,,,,,,
2020,자전거사고,1103,용산구,39,0.3,0,0,0,44,0.33,,,,,,,,,,,,,
2020,야간사고,1103,용산구,399,0.48,6,0.41,1.5,575,0.47,,,,,,,,,,,,,
2020,어린이보행사고,1103,용산구,8,0.38,0,0,0,8,0.37,,,,,,,,,,,,,
2020,스쿨존내어린이사고,1103,용산구,2,0.41,0,0,0,2,0.39,,,,,,,,,,,,,
2020,고령운전사고,1103,용산구,116,0.37,2,0.28,1.72,143,0.32,,,,,,,,,,,,,
2020,고령보행사고,1103,용산구,31,0.32,4,0.64,12.9,28,0.3,,,,,,,,,,,,,
2020,PM사고,1103,용산구,4,0.45,0,0,0,4,0.41,,,,,,,,,,,,,
2020,뺑소니사고,1103,용산구,25,0.34,0,0,0,33,0.32,,,,,,,,,,,,,
2020,무면허사고,1103,용산구,15,0.28,0,0,0,20,0.26,,,,,,,,,,,,,
2016,전체,1104,성동구,1099,0.5,15,0.35,1.36,1541,0.46,357.79,91.62,4,52,136,178,556,38,82,281,776,42,0
2016,어린이사고,1104,성동구,45,0.4,0,0,0,51,0.36,,,,,,,,,,,,,
2016,노인사고,1104,성동구,139,0.39,5,0.29,3.6,143,0.37,,,,,,,,,,,,,
2016,보행자사고,1104,성동구,285,0.58,9,0.53,3.16,283,0.57,,,,,,,,,,,,,
2016,자전거사고,1104,성동구,63,1.06,1,0.88,1.59,69,1.1,,,,,,,,,,,,,
2016,야간사고,1104,성동구,514,0.54,8,0.37,1.56,734,0.51,,,,,,,,,,,,,
2016,어린이보행사고,1104,성동구,20,0.47,0,0,0,20,0.45,,,,,,,,,,,,,
2016,고령운전사고,1104,성동구,129,0.53,1,0.13,0.78,195,0.55,,,,,,,,,,,,,
2016,고령보행사고,1104,성동구,68,0.6,5,0.58,7.35,63,0.59,,,,,,,,,,,,,
2016,뺑소니사고,1104,성동구,15,0.18,0,0,0,29,0.24,,,,,,,,,,,,,
2016,무면허사고,1104,성동구,12,0.3,0,0,0,19,0.33,,,,,,,,,,,,,
2017,전체,1104,성동구,1076,0.5,15,0.36,1.39,1501,0.46,344.09,86.91,2,44,142,157,571,39,81,242,788,46,0
2017,어린이사고,1104,성동구,28,0.26,0,0,0,50,0.37,,,,,,,,,,,,,
2017,노인사고,1104,성동구,161,0.43,4,0.23,2.48,168,0.41,,,,,,,,,,,,,
2017,보행자사고,1104,성동구,246,0.52,3,0.18,1.22,249,0.52,,,,,,,,,,,,,
2017,자전거사고,1104,성동구,63,1.11,2,1.59,3.17,64,1.08,,,,,,,,,,,,,
2017,야간사고,1104,성동구,494,0.54,7,0.33,1.42,740,0.54,,,,,,,,,,,,,
2017,어린이보행사고,1104,성동구,8,0.2,0,0,0,9,0.22,,,,,,,,,,,,,
2017,스쿨존내어린이사고,1104,성동구,1,0.21,0,0,0,1,0.21,,,,,,,,,,,,,
2017,고령운전사고,1104,성동구,136,0.51,5,0.59,3.68,208,0.54,,,,,,,,,,,,,
2017,고령보행사고,1104,성동구,54,0.45,1,0.11,1.85,54,0.48,,,,,,,,,,,,,
2017,PM사고,1104,성동구,1,0.85,0,0,0,1,0.81,,,,,,,,,,,,,
2017,뺑소니사고,1104,성동구,7,0.09,0,0,0,14,0.12,,,,,,,,,,,,,
2017,무면허사고,1104,성동구,14,0.27,2,1.26,14.29,19,0.25,,,,,,,,,,,,,
2018,전체,1104,성동구,1143,0.53,9,0.24,0.79,1561,0.48,361.18,90.2,4,29,121,197,636,27,86,271,819,53,0
2018,어린이사고,1104,성동구,28,0.28,0,0,0,31,0.25,,,,,,,,,,,,,
2018,노인사고,1104,성동구,158,0.41,3,0.18,1.9,161,0.38,,,,,,,,,,,,,
2018,보행자사고,1104,성동구,274,0.6,5,0.34,1.82,277,0.6,,,,,,,,,,,,,
2018,자전거사고,1104,성동구,47,0.99,1,1.1,2.13,51,1.01,,,,,,,,,,,,,
2018,야간사고,1104,성동구,528,0.59,5,0.27,0.95,771,0.58,,,,,,,,,,,,,
2018,어린이보행사고,1104,성동구,15,0.42,0,0,0,15,0.41,,,,,,,,,,,,,
2018,스쿨존내어린이사고,1104,성동구,2,0.46,0,0,0,2,0.42,,,,,,,,,,,,,
2018,고령운전사고,1104,성동구,154,0.51,1,0.12,0.65,223,0.51,,,,,,,,,,,,,
2018,고령보행사고,1104,성동구,50,0.42,2,0.24,4,48,0.43,,,,,,,,,,,,,
2018,PM사고,1104,성동구,3,1.33,0,0,0,3,1.26,,,,,,,,,,,,,
2018,뺑소니사고,1104,성동구,24,0.32,0,0,0,44,0.4,,,,,,,,,,,,,
2018,무면허사고,1104,성동구,12,0.23,0,0,0,14,0.18,,,,,,,,,,,,,
2019,전체,1104,성동구,1091,0.48,13,0.39,1.19,1439,0.42,358.09,86.29,2,24,153,167,589,50,74,225,831,35,0
2019,어린이사고,1104,성동구,45,0.41,0,0,0,62,0.44,,,,,,,,,,,,,
2019,노인사고,1104,성동구,162,0.4,8,0.53,4.94,160,0.36,,,,,,,,,,,,,
2019,보행자사고,1104,성동구,229,0.49,8,0.61,3.49,226,0.48,,,,,,,,,,,,,
2019,자전거사고,1104,성동구,63,1.12,0,0,0,68,1.13,,,,,,,,,,,,,
2019,야간사고,1104,성동구,443,0.49,7,0.44,1.58,590,0.44,,,,,,,,,,,,,
2019,어린이보행사고,1104,성동구,15,0.39,0,0,0,15,0.38,,,,,,,,,,,,,
2019,스쿨존내어린이사고,1104,성동구,1,0.18,0,0,0,1,0.17,,,,,,,,,,,,,
2019,고령운전사고,1104,성동구,156,0.47,2,0.26,1.28,206,0.43,,,,,,,,,,,,,
2019,고령보행사고,1104,성동구,57,0.47,5,0.67,8.77,54,0.46,,,,,,,,,,,,,
2019,PM사고,1104,성동구,5,1.12,0,0,0,5,1.06,,,,,,,,,,,,,
2019,뺑소니사고,1104,성동구,11,0.15,0,0,0,21,0.2,,,,,,,,,,,,,
2019,무면허사고,1104,성동구,13,0.25,0,0,0,20,0.27,,,,,,,,,,,,,
2020,전체,1104,성동구,1119,0.53,9,0.29,0.8,1481,0.48,372.37,88.69,5,31,132,185,615,44,73,244,845,30,0
2020,어린이사고,1104,성동구,18,0.21,0,0,0,20,0.19,,,,,,,,,,,,,
2020,노인사고,1104,성동구,158,0.45,6,0.45,3.8,159,0.42,,,,,,,,,,,,,
2020,보행자사고,1104,성동구,244,0.67,5,0.46,2.05,248,0.67,,,,,,,,,,,,,
2020,자전거사고,1104,성동구,126,0.98,1,0.51,0.79,138,1.03,,,,,,,,,,,,,
2020,야간사고,1104,성동구,503,0.6,4,0.27,0.8,712,0.58,,,,,,,,,,,,,
2020,어린이보행사고,1104,성동구,4,0.19,0,0,0,4,0.19,,,,,,,,,,,,,
2020,스쿨존내어린이사고,1104,성동구,1,0.21,0,0,0,1,0.2,,,,,,,,,,,,,
2020,고령운전사고,1104,성동구,146,0.47,2,0.28,1.37,192,0.43,,,,,,,,,,,,,
2020,고령보행사고,1104,성동구,58,0.6,5,0.8,8.62,54,0.58,,,,,,,,,,,,,
2020,PM사고,1104,성동구,15,1.67,0,0,0,15,1.52,,,,,,,,,,,,,
2020,뺑소니사고,1104,성동구,15,0.2,0,0,0,20,0.19,,,,,,,,,,,,,
2020,무면허사고,1104,성동구,17,0.32,0,0,0,26,0.34,,,,,,,,,,,,,
2016,전체,1105,동대문구,2051,0.93,14,0.33,0.68,2629,0.79,553.86,168.86,2,81,252,247,1151,52,212,584,1407,60,0
2016,어린이사고,1105,동대문구,63,0.56,0,0,0,71,0.5,,,,,,,,,,,,,
2016,노인사고,1105,동대문구,357,1,5,0.29,1.4,369,0.96,,,,,,,,,,,,,
2016,보행자사고,1105,동대문구,588,1.19,8,0.47,1.36,597,1.2,,,,,,,,,,,,,
2016,자전거사고,1105,동대문구,128,2.16,1,0.88,0.78,135,2.15,,,,,,,,,,,,,
2016,야간사고,1105,동대문구,876,0.92,8,0.37,0.91,1188,0.83,,,,,,,,,,,,,
2016,어린이보행사고,1105,동대문구,23,0.54,0,0,0,23,0.52,,,,,,,,,,,,,
2016,스쿨존내어린이사고,1105,동대문구,2,0.42,0,0,0,2,0.39,,,,,,,,,,,,,
2016,고령운전사고,1105,동대문구,263,1.08,3,0.4,1.14,344,0.96,,,,,,,,,,,,,
2016,고령보행사고,1105,동대문구,156,1.37,4,0.46,2.56,156,1.46,,,,,,,,,,,,,
2016,뺑소니사고,1105,동대문구,34,0.41,0,0,0,48,0.39,,,,,,,,,,,,,
2016,무면허사고,1105,동대문구,18,0.45,0,0,0,31,0.54,,,,,,,,,,,,,
2017,전체,1105,동대문구,1718,0.79,25,0.6,1.46,2139,0.66,469.38,141.22,3,69,207,199,981,43,157,518,1128,72,0
2017,어린이사고,1105,동대문구,44,0.4,0,0,0,47,0.35,,,,,,,,,,,,,
2017,노인사고,1105,동대문구,313,0.83,11,0.62,3.51,312,0.77,,,,,,,,,,,,,
2017,보행자사고,1105,동대문구,521,1.1,14,0.84,2.69,516,1.08,,,,,,,,,,,,,
2017,자전거사고,1105,동대문구,107,1.89,1,0.79,0.93,110,1.85,,,,,,,,,,,,,
2017,야간사고,1105,동대문구,790,0.87,14,0.66,1.77,1028,0.76,,,,,,,,,,,,,
2017,어린이보행사고,1105,동대문구,22,0.55,0,0,0,22,0.54,,,,,,,,,,,,,
2017,스쿨존내어린이사고,1105,동대문구,2,0.42,0,0,0,2,0.41,,,,,,,,,,,,,
2017,고령운전사고,1105,동대문구,254,0.95,5,0.59,1.97,308,0.8,,,,,,,,,,,,,
2017,고령보행사고,1105,동대문구,138,1.15,9,0.99,6.52,130,1.16,,,,,,,,,,,,,
2017,뺑소니사고,1105,동대문구,40,0.51,0,0,0,53,0.46,,,,,,,,,,,,,
2017,무면허사고,1105,동대문구,19,0.37,0,0,0,29,0.39,,,,,,,,,,,,,
2018,전체,1105,동대문구,1699,0.78,14,0.37,0.82,2160,0.67,466.33,139.16,5,49,217,225,952,40,161,492,1153,54,0
2018,어린이사고,1105,동대문구,42,0.42,0,0,0,46,0.37,,,,,,,,,,,,,
2018,노인사고,1105,동대문구,327,0.85,5,0.3,1.53,340,0.81,,,,,,,,,,,,,
2018,보행자사고,1105,동대문구,493,1.07,9,0.61,1.83,500,1.08,,,,,,,,,,,,,
2018,자전거사고,1105,동대문구,105,2.2,1,1.1,0.95,114,2.26,,,,,,,,,,,,,
2018,야간사고,1105,동대문구,677,0.75,7,0.38,1.03,886,0.66,,,,,,,,,,,,,
2018,어린이보행사고,1105,동대문구,18,0.5,0,0,0,18,0.49,,,,,,,,,,,,,
2018,고령운전사고,1105,동대문구,267,0.89,1,0.12,0.37,334,0.77,,,,,,,,,,,,,
2018,고령보행사고,1105,동대문구,147,1.24,3,0.36,2.04,146,1.31,,,,,,,,,,,,,
2018,PM사고,1105,동대문구,5,2.22,0,0,0,5,2.1,,,,,,,,,,,,,
2018,뺑소니사고,1105,동대문구,33,0.43,0,0,0,45,0.41,,,,,,,,,,,,,
2018,무면허사고,1105,동대문구,24,0.46,0,0,0,33,0.44,,,,,,,,,,,,,
2019,전체,1105,동대문구,1565,0.68,15,0.45,0.96,1988,0.58,447.22,128.66,4,45,211,226,818,38,168,424,1091,50,0
2019,어린이사고,1105,동대문구,41,0.37,0,0,0,49,0.35,,,,,,,,,,,,,
2019,노인사고,1105,동대문구,315,0.78,5,0.33,1.59,324,0.73,,,,,,,,,,,,,
2019,보행자사고,1105,동대문구,429,0.92,6,0.46,1.4,438,0.93,,,,,,,,,,,,,
2019,자전거사고,1105,동대문구,110,1.95,1,1.27,0.91,120,1.99,,,,,,,,,,,,,
2019,야간사고,1105,동대문구,614,0.67,10,0.63,1.63,812,0.6,,,,,,,,,,,,,
2019,어린이보행사고,1105,동대문구,20,0.52,0,0,0,20,0.51,,,,,,,,,,,,,
2019,스쿨존내어린이사고,1105,동대문구,3,0.53,0,0,0,3,0.51,,,,,,,,,,,,,
2019,고령운전사고,1105,동대문구,288,0.87,3,0.39,1.04,364,0.75,,,,,,,,,,,,,
2019,고령보행사고,1105,동대문구,136,1.11,2,0.27,1.47,134,1.15,,,,,,,,,,,,,
2019,PM사고,1105,동대문구,3,0.67,0,0,0,3,0.63,,,,,,,,,,,,,
2019,뺑소니사고,1105,동대문구,29,0.41,0,0,0,39,0.38,,,,,,,,,,,,,
2019,무면허사고,1105,동대문구,6,0.12,0,0,0,7,0.09,,,,,,,,,,,,,
2020,전체,1105,동대문구,1448,0.69,10,0.32,0.69,1845,0.6,405.59,118.66,5,49,206,204,753,28,149,331,1067,50,0
2020,어린이사고,1105,동대문구,31,0.37,0,0,0,33,0.31,,,,,,,,,,,,,
2020,노인사고,1105,동대문구,289,0.82,2,0.15,0.69,298,0.78,,,,,,,,,,,,,
2020,보행자사고,1105,동대문구,331,0.9,5,0.46,1.51,336,0.91,,,,,,,,,,,,,
2020,자전거사고,1105,동대문구,189,1.47,0,0,0,203,1.51,,,,,,,,,,,,,
2020,야간사고,1105,동대문구,595,0.71,4,0.27,0.67,805,0.66,,,,,,,,,,,,,
2020,어린이보행사고,1105,동대문구,8,0.38,0,0,0,8,0.37,,,,,,,,,,,,,
2020,스쿨존내어린이사고,1105,동대문구,4,0.83,0,0,0,4,0.79,,,,,,,,,,,,,
2020,고령운전사고,1105,동대문구,250,0.8,2,0.28,0.8,288,0.65,,,,,,,,,,,,,
2020,고령보행사고,1105,동대문구,127,1.3,1,0.16,0.79,128,1.39,,,,,,,,,,,,,
2020,PM사고,1105,동대문구,12,1.34,1,10,8.33,11,1.12,,,,,,,,,,,,,
2020,뺑소니사고,1105,동대문구,20,0.27,0,0,0,35,0.34,,,,,,,,,,,,,
2020,무면허사고,1105,동대문구,30,0.57,0,0,0,40,0.53,,,,,,,,,,,,,
2016,전체,1106,성북구,1618,0.73,13,0.3,0.8,2106,0.63,350.51,113.37,3,67,210,156,904,42,151,482,1074,62,0
2016,어린이사고,1106,성북구,58,0.51,0,0,0,64,0.45,,,,,,,,,,,,,
2016,노인사고,1106,성북구,248,0.69,5,0.29,2.02,254,0.66,,,,,,,,,,,,,
2016,보행자사고,1106,성북구,493,1,6,0.35,1.22,506,1.02,,,,,,,,,,,,,
2016,자전거사고,1106,성북구,43,0.72,0,0,0,43,0.68,,,,,,,,,,,,,
2016,야간사고,1106,성북구,740,0.78,7,0.32,0.95,986,0.69,,,,,,,,,,,,,
2016,어린이보행사고,1106,성북구,32,0.75,0,0,0,33,0.75,,,,,,,,,,,,,
2016,스쿨존내어린이사고,1106,성북구,10,2.08,0,0,0,10,1.96,,,,,,,,,,,,,
2016,고령운전사고,1106,성북구,177,0.72,2,0.26,1.13,237,0.66,,,,,,,,,,,,,
2016,고령보행사고,1106,성북구,134,1.17,3,0.35,2.24,131,1.23,,,,,,,,,,,,,
2016,뺑소니사고,1106,성북구,25,0.3,0,0,0,40,0.33,,,,,,,,,,,,,
2016,무면허사고,1106,성북구,17,0.43,0,0,0,24,0.41,,,,,,,,,,,,,
2017,전체,1106,성북구,1557,0.72,17,0.41,1.09,2068,0.64,341.89,108.49,3,62,204,204,840,44,134,413,1074,70,0
2017,어린이사고,1106,성북구,64,0.58,0,0,0,68,0.51,,,,,,,,,,,,,
2017,노인사고,1106,성북구,285,0.76,11,0.62,3.86,287,0.71,,,,,,,,,,,,,
2017,보행자사고,1106,성북구,415,0.88,11,0.66,2.65,411,0.86,,,,,,,,,,,,,
2017,자전거사고,1106,성북구,51,0.9,1,0.79,1.96,54,0.91,,,,,,,,,,,,,
2017,야간사고,1106,성북구,709,0.78,9,0.43,1.27,960,0.71,,,,,,,,,,,,,
2017,어린이보행사고,1106,성북구,31,0.77,0,0,0,33,0.8,,,,,,,,,,,,,
2017,스쿨존내어린이사고,1106,성북구,4,0.84,0,0,0,5,1.03,,,,,,,,,,,,,
2017,고령운전사고,1106,성북구,229,0.86,7,0.83,3.06,319,0.83,,,,,,,,,,,,,
2017,고령보행사고,1106,성북구,131,1.09,9,0.99,6.87,125,1.11,,,,,,,,,,,,,
2017,뺑소니사고,1106,성북구,29,0.37,1,0.67,3.45,45,0.39,,,,,,,,,,,,,
2017,무면허사고,1106,성북구,14,0.27,0,0,0,21,0.28,,,,,,,,,,,,,
2018,전체,1106,성북구,1427,0.66,14,0.37,0.98,1980,0.61,318.75,99.92,5,52,181,208,743,32,133,390,975,62,0
2018,어린이사고,1106,성북구,64,0.64,0,0,0,82,0.65,,,,,,,,,,,,,
2018,노인사고,1106,성북구,228,0.59,9,0.54,3.95,227,0.54,,,,,,,,,,,,,
2018,보행자사고,1106,성북구,395,0.86,9,0.61,2.28,400,0.86,,,,,,,,,,,,,
2018,자전거사고,1106,성북구,41,0.86,0,0,0,41,0.81,,,,,,,,,,,,,
2018,야간사고,1106,성북구,656,0.73,8,0.43,1.22,944,0.71,,,,,,,,,,,,,
2018,어린이보행사고,1106,성북구,28,0.78,0,0,0,29,0.78,,,,,,,,,,,,,
2018,스쿨존내어린이사고,1106,성북구,3,0.69,0,0,0,3,0.63,,,,,,,,,,,,,
2018,고령운전사고,1106,성북구,243,0.81,4,0.47,1.65,378,0.87,,,,,,,,,,,,,
2018,고령보행사고,1106,성북구,104,0.88,7,0.83,6.73,98,0.88,,,,,,,,,,,,,
2018,PM사고,1106,성북구,3,1.33,0,0,0,5,2.1,,,,,,,,,,,,,
2018,뺑소니사고,1106,성북구,29,0.38,1,0.93,3.45,54,0.49,,,,,,,,,,,,,
2018,무면허사고,1106,성북구,16,0.31,1,0.53,6.25,32,0.42,,,,,,,,,,,,,
2019,전체,1106,성북구,1509,0.66,8,0.24,0.53,2007,0.59,339.1,103.45,2,43,213,230,772,45,137,406,1038,65,0
2019,어린이사고,1106,성북구,59,0.53,0,0,0,75,0.53,,,,,,,,,,,,,
2019,노인사고,1106,성북구,262,0.64,5,0.33,1.91,278,0.63,,,,,,,,,,,,,
2019,보행자사고,1106,성북구,409,0.88,4,0.31,0.98,415,0.88,,,,,,,,,,,,,
2019,자전거사고,1106,성북구,37,0.66,0,0,0,39,0.65,,,,,,,,,,,,,
2019,야간사고,1106,성북구,633,0.7,3,0.19,0.47,854,0.63,,,,,,,,,,,,,
2019,어린이보행사고,1106,성북구,23,0.6,0,0,0,23,0.58,,,,,,,,,,,,,
2019,스쿨존내어린이사고,1106,성북구,8,1.41,0,0,0,9,1.53,,,,,,,,,,,,,
2019,고령운전사고,1106,성북구,216,0.65,2,0.26,0.93,279,0.58,,,,,,,,,,,,,
2019,고령보행사고,1106,성북구,129,1.05,3,0.4,2.33,129,1.11,,,,,,,,,,,,,
2019,PM사고,1106,성북구,2,0.45,0,0,0,2,0.42,,,,,,,,,,,,,
2019,뺑소니사고,1106,성북구,15,0.21,0,0,0,21,0.2,,,,,,,,,,,,,
2019,무면허사고,1106,성북구,22,0.42,0,0,0,28,0.38,,,,,,,,,,,,,
2020,전체,1106,성북구,1275,0.61,7,0.23,0.55,1622,0.53,285.2,86.86,0,46,141,257,646,32,93,340,898,37,0
2020,어린이사고,1106,성북구,32,0.38,0,0,0,35,0.33,,,,,,,,,,,,,
2020,노인사고,1106,성북구,214,0.61,3,0.22,1.4,218,0.57,,,,,,,,,,,,,
2020,보행자사고,1106,성북구,340,0.93,3,0.27,0.88,345,0.93,,,,,,,,,,,,,
2020,자전거사고,1106,성북구,70,0.54,0,0,0,75,0.56,,,,,,,,,,,,,
2020,야간사고,1106,성북구,536,0.64,4,0.27,0.75,716,0.59,,,,,,,,,,,,,
2020,어린이보행사고,1106,성북구,13,0.63,0,0,0,13,0.61,,,,,,,,,,,,,
2020,스쿨존내어린이사고,1106,성북구,2,0.41,0,0,0,2,0.39,,,,,,,,,,,,,
2020,고령운전사고,1106,성북구,209,0.67,0,0,0,252,0.57,,,,,,,,,,,,,
2020,고령보행사고,1106,성북구,109,1.12,2,0.32,1.83,109,1.18,,,,,,,,,,,,,
2020,PM사고,1106,성북구,4,0.45,0,0,0,4,0.41,,,,,,,,,,,,,
2020,뺑소니사고,1106,성북구,19,0.26,0,0,0,25,0.24,,,,,,,,,,,,,
2020,무면허사고,1106,성북구,14,0.26,0,0,0,15,0.2,,,,,,,,,,,,,
2016,전체,1107,도봉구,949,0.43,11,0.26,1.16,1306,0.39,270.93,84.89,3,39,145,89,497,28,111,298,621,30,0
2016,어린이사고,1107,도봉구,52,0.46,0,0,0,60,0.42,,,,,,,,,,,,,
2016,노인사고,1107,도봉구,171,0.48,4,0.23,2.34,172,0.45,,,,,,,,,,,,,
2016,보행자사고,1107,도봉구,299,0.61,9,0.53,3.01,305,0.61,,,,,,,,,,,,,
2016,자전거사고,1107,도봉구,70,1.18,1,0.88,1.43,76,1.21,,,,,,,,,,,,,
2016,야간사고,1107,도봉구,430,0.45,9,0.42,2.09,582,0.41,,,,,,,,,,,,,
2016,어린이보행사고,1107,도봉구,21,0.49,0,0,0,22,0.5,,,,,,,,,,,,,
2016,스쿨존내어린이사고,1107,도봉구,6,1.25,0,0,0,6,1.18,,,,,,,,,,,,,
2016,고령운전사고,1107,도봉구,110,0.45,1,0.13,0.91,157,0.44,,,,,,,,,,,,,
2016,고령보행사고,1107,도봉구,81,0.71,4,0.46,4.94,78,0.73,,,,,,,,,,,,,
2016,뺑소니사고,1107,도봉구,23,0.28,0,0,0,40,0.33,,,,,,,,,,,,,
2016,무면허사고,1107,도봉구,10,0.25,0,0,0,18,0.31,,,,,,,,,,,,,
2017,전체,1107,도봉구,944,0.44,9,0.22,0.95,1239,0.38,272.65,84.29,1,44,124,68,503,28,136,309,593,42,0
2017,어린이사고,1107,도봉구,47,0.43,0,0,0,50,0.37,,,,,,,,,,,,,
2017,노인사고,1107,도봉구,170,0.45,3,0.17,1.76,177,0.44,,,,,,,,,,,,,
2017,보행자사고,1107,도봉구,307,0.65,4,0.24,1.3,312,0.65,,,,,,,,,,,,,
2017,자전거사고,1107,도봉구,66,1.17,0,0,0,68,1.15,,,,,,,,,,,,,
2017,야간사고,1107,도봉구,427,0.47,6,0.28,1.41,571,0.42,,,,,,,,,,,,,
2017,어린이보행사고,1107,도봉구,18,0.45,0,0,0,18,0.44,,,,,,,,,,,,,
2017,스쿨존내어린이사고,1107,도봉구,5,1.04,0,0,0,6,1.23,,,,,,,,,,,,,
2017,고령운전사고,1107,도봉구,141,0.53,1,0.12,0.71,191,0.49,,,,,,,,,,,,,
2017,고령보행사고,1107,도봉구,80,0.67,2,0.22,2.5,79,0.7,,,,,,,,,,,,,
2017,PM사고,1107,도봉구,1,0.85,0,0,0,1,0.81,,,,,,,,,,,,,
2017,뺑소니사고,1107,도봉구,23,0.29,0,0,0,37,0.32,,,,,,,,,,,,,
2017,무면허사고,1107,도봉구,22,0.43,1,0.63,4.55,28,0.37,,,,,,,,,,,,,
2018,전체,1107,도봉구,824,0.38,6,0.16,0.73,1061,0.33,241.18,73.54,1,25,125,65,450,38,79,282,504,38,0
2018,어린이사고,1107,도봉구,34,0.34,0,0,0,38,0.3,,,,,,,,,,,,,
2018,노인사고,1107,도봉구,190,0.49,1,0.06,0.53,199,0.48,,,,,,,,,,,,,
2018,보행자사고,1107,도봉구,287,0.62,5,0.34,1.74,286,0.62,,,,,,,,,,,,,
2018,자전거사고,1107,도봉구,45,0.94,1,1.1,2.22,45,0.89,,,,,,,,,,,,,
2018,야간사고,1107,도봉구,348,0.39,3,0.16,0.86,457,0.34,,,,,,,,,,,,,
2018,어린이보행사고,1107,도봉구,18,0.5,0,0,0,18,0.49,,,,,,,,,,,,,
2018,스쿨존내어린이사고,1107,도봉구,5,1.15,0,0,0,5,1.06,,,,,,,,,,,,,
2018,고령운전사고,1107,도봉구,147,0.49,2,0.24,1.36,180,0.41,,,,,,,,,,,,,
2018,고령보행사고,1107,도봉구,83,0.7,1,0.12,1.2,83,0.75,,,,,,,,,,,,,
2018,PM사고,1107,도봉구,1,0.44,0,0,0,1,0.42,,,,,,,,,,,,,
2018,뺑소니사고,1107,도봉구,14,0.18,0,0,0,22,0.2,,,,,,,,,,,,,
2018,무면허사고,1107,도봉구,10,0.19,0,0,0,14,0.18,,,,,,,,,,,,,
2019,전체,1107,도봉구,852,0.37,4,0.12,0.47,1163,0.34,254.76,76.56,3,30,154,67,445,17,94,263,554,35,0
2019,어린이사고,1107,도봉구,42,0.38,0,0,0,50,0.35,,,,,,,,,,,,,
2019,노인사고,1107,도봉구,189,0.47,1,0.07,0.53,194,0.44,,,,,,,,,,,,,
2019,보행자사고,1107,도봉구,270,0.58,2,0.15,0.74,283,0.6,,,,,,,,,,,,,
2019,자전거사고,1107,도봉구,62,1.1,0,0,0,77,1.28,,,,,,,,,,,,,
2019,야간사고,1107,도봉구,368,0.4,3,0.19,0.82,522,0.39,,,,,,,,,,,,,
2019,어린이보행사고,1107,도봉구,18,0.47,0,0,0,18,0.46,,,,,,,,,,,,,
2019,스쿨존내어린이사고,1107,도봉구,8,1.41,0,0,0,8,1.36,,,,,,,,,,,,,
2019,고령운전사고,1107,도봉구,118,0.36,0,0,0,165,0.34,,,,,,,,,,,,,
2019,고령보행사고,1107,도봉구,92,0.75,1,0.13,1.09,94,0.81,,,,,,,,,,,,,
2019,PM사고,1107,도봉구,3,0.67,0,0,0,3,0.63,,,,,,,,,,,,,
2019,뺑소니사고,1107,도봉구,12,0.17,0,0,0,15,0.15,,,,,,,,,,,,,
2019,무면허사고,1107,도봉구,11,0.21,0,0,0,15,0.2,,,,,,,,,,,,,
2020,전체,1107,도봉구,741,0.35,7,0.23,0.94,990,0.32,226.36,66.86,2,19,114,73,404,18,81,224,490,27,0
2020,어린이사고,1107,도봉구,19,0.23,0,0,0,20,0.19,,,,,,,,,,,,,
2020,노인사고,1107,도봉구,160,0.45,4,0.3,2.5,167,0.44,,,,,,,,,,,,,
2020,보행자사고,1107,도봉구,224,0.61,4,0.37,1.79,225,0.61,,,,,,,,,,,,,
2020,자전거사고,1107,도봉구,89,0.69,1,0.51,1.12,92,0.69,,,,,,,,,,,,,
2020,야간사고,1107,도봉구,305,0.37,2,0.14,0.66,421,0.35,,,,,,,,,,,,,
2020,어린이보행사고,1107,도봉구,9,0.43,0,0,0,9,0.42,,,,,,,,,,,,,
2020,스쿨존내어린이사고,1107,도봉구,2,0.41,0,0,0,2,0.39,,,,,,,,,,,,,
2020,고령운전사고,1107,도봉구,123,0.4,2,0.28,1.63,149,0.34,,,,,,,,,,,,,
2020,고령보행사고,1107,도봉구,78,0.8,3,0.48,3.85,75,0.81,,,,,,,,,,,,,
2020,PM사고,1107,도봉구,6,0.67,0,0,0,6,0.61,,,,,,,,,,,,,
2020,뺑소니사고,1107,도봉구,10,0.13,0,0,0,12,0.12,,,,,,,,,,,,,
2020,무면허사고,1107,도봉구,8,0.15,0,0,0,11,0.14,,,,,,,,,,,,,
2016,전체,1108,은평구,1121,0.51,14,0.33,1.25,1518,0.46,226.04,75.34,1,46,163,93,627,35,99,394,685,42,0
2016,어린이사고,1108,은평구,52,0.46,0,0,0,59,0.42,,,,,,,,,,,,,
2016,노인사고,1108,은평구,217,0.61,9,0.52,4.15,221,0.58,,,,,,,,,,,,,
2016,보행자사고,1108,은평구,402,0.82,8,0.47,1.99,407,0.82,,,,,,,,,,,,,
2016,자전거사고,1108,은평구,56,0.94,2,1.77,3.57,62,0.99,,,,,,,,,,,,,
2016,야간사고,1108,은평구,527,0.55,7,0.32,1.33,714,0.5,,,,,,,,,,,,,
2016,어린이보행사고,1108,은평구,32,0.75,0,0,0,33,0.75,,,,,,,,,,,,,
2016,스쿨존내어린이사고,1108,은평구,9,1.88,0,0,0,9,1.76,,,,,,,,,,,,,
2016,고령운전사고,1108,은평구,149,0.61,4,0.53,2.68,199,0.56,,,,,,,,,,,,,
2016,고령보행사고,1108,은평구,113,0.99,5,0.58,4.42,108,1.01,,,,,,,,,,,,,
2016,뺑소니사고,1108,은평구,17,0.2,0,0,0,26,0.21,,,,,,,,,,,,,
2016,무면허사고,1108,은평구,16,0.4,1,0.68,6.25,20,0.35,,,,,,,,,,,,,
2017,전체,1108,은평구,1067,0.49,12,0.29,1.12,1489,0.46,217.22,71.18,2,43,142,62,669,24,69,416,611,40,0
2017,어린이사고,1108,은평구,54,0.49,0,0,0,65,0.48,,,,,,,,,,,,,
2017,노인사고,1108,은평구,195,0.52,6,0.34,3.08,209,0.52,,,,,,,,,,,,,
2017,보행자사고,1108,은평구,420,0.89,7,0.42,1.67,429,0.9,,,,,,,,,,,,,
2017,자전거사고,1108,은평구,51,0.9,0,0,0,52,0.88,,,,,,,,,,,,,
2017,야간사고,1108,은평구,483,0.53,5,0.24,1.04,700,0.52,,,,,,,,,,,,,
2017,어린이보행사고,1108,은평구,32,0.8,0,0,0,33,0.8,,,,,,,,,,,,,
2017,스쿨존내어린이사고,1108,은평구,5,1.04,0,0,0,5,1.03,,,,,,,,,,,,,
2017,고령운전사고,1108,은평구,165,0.62,3,0.35,1.82,248,0.64,,,,,,,,,,,,,
2017,고령보행사고,1108,은평구,97,0.81,5,0.55,5.15,93,0.83,,,,,,,,,,,,,
2017,뺑소니사고,1108,은평구,22,0.28,1,0.67,4.55,24,0.21,,,,,,,,,,,,,
2017,무면허사고,1108,은평구,15,0.29,1,0.63,6.67,26,0.35,,,,,,,,,,,,,
2018,전체,1108,은평구,1134,0.52,12,0.32,1.06,1580,0.49,232.54,75.32,1,29,158,65,707,22,107,367,721,46,0
2018,어린이사고,1108,은평구,56,0.56,0,0,0,84,0.67,,,,,,,,,,,,,
2018,노인사고,1108,은평구,244,0.63,7,0.42,2.87,247,0.59,,,,,,,,,,,,,
2018,보행자사고,1108,은평구,368,0.8,7,0.47,1.9,374,0.81,,,,,,,,,,,,,
2018,자전거사고,1108,은평구,51,1.07,1,1.1,1.96,54,1.07,,,,,,,,,,,,,
2018,야간사고,1108,은평구,489,0.54,6,0.32,1.23,699,0.52,,,,,,,,,,,,,
2018,어린이보행사고,1108,은평구,24,0.67,0,0,0,28,0.76,,,,,,,,,,,,,
2018,스쿨존내어린이사고,1108,은평구,5,1.15,0,0,0,5,1.06,,,,,,,,,,,,,
2018,고령운전사고,1108,은평구,193,0.64,2,0.24,1.04,251,0.58,,,,,,,,,,,,,
2018,고령보행사고,1108,은평구,104,0.88,6,0.71,5.77,99,0.89,,,,,,,,,,,,,
2018,PM사고,1108,은평구,2,0.89,0,0,0,2,0.84,,,,,,,,,,,,,
2018,뺑소니사고,1108,은평구,21,0.28,0,0,0,33,0.3,,,,,,,,,,,,,
2018,무면허사고,1108,은평구,14,0.27,1,0.53,7.14,16,0.21,,,,,,,,,,,,,
2019,전체,1108,은평구,1119,0.49,7,0.21,0.63,1464,0.43,231.97,74.25,0,35,177,66,637,38,115,361,703,55,0
2019,어린이사고,1108,은평구,55,0.5,0,0,0,60,0.43,,,,,,,,,,,,,
2019,노인사고,1108,은평구,246,0.61,5,0.33,2.03,250,0.56,,,,,,,,,,,,,
2019,보행자사고,1108,은평구,362,0.78,3,0.23,0.83,371,0.79,,,,,,,,,,,,,
2019,자전거사고,1108,은평구,62,1.1,1,1.27,1.61,69,1.15,,,,,,,,,,,,,
2019,야간사고,1108,은평구,467,0.51,2,0.13,0.43,625,0.46,,,,,,,,,,,,,
2019,어린이보행사고,1108,은평구,29,0.75,0,0,0,30,0.76,,,,,,,,,,,,,
2019,스쿨존내어린이사고,1108,은평구,6,1.06,0,0,0,6,1.02,,,,,,,,,,,,,
2019,고령운전사고,1108,은평구,230,0.69,2,0.26,0.87,290,0.6,,,,,,,,,,,,,
2019,고령보행사고,1108,은평구,114,0.93,2,0.27,1.75,113,0.97,,,,,,,,,,,,,
2019,PM사고,1108,은평구,7,1.57,0,0,0,7,1.48,,,,,,,,,,,,,
2019,뺑소니사고,1108,은평구,20,0.28,0,0,0,27,0.26,,,,,,,,,,,,,
2019,무면허사고,1108,은평구,16,0.31,0,0,0,23,0.31,,,,,,,,,,,,,
2020,전체,1108,은평구,953,0.45,14,0.45,1.47,1415,0.46,196.88,62.09,4,18,156,60,560,39,75,275,644,34,0
2020,어린이사고,1108,은평구,36,0.43,0,0,0,42,0.4,,,,,,,,,,,,,
2020,노인사고,1108,은평구,195,0.55,8,0.6,4.1,199,0.52,,,,,,,,,,,,,
2020,보행자사고,1108,은평구,275,0.75,10,0.91,3.64,273,0.74,,,,,,,,,,,,,
2020,자전거사고,1108,은평구,78,0.61,1,0.51,1.28,82,0.61,,,,,,,,,,,,,
2020,야간사고,1108,은평구,433,0.52,8,0.55,1.85,660,0.54,,,,,,,,,,,,,
2020,어린이보행사고,1108,은평구,12,0.58,0,0,0,12,0.56,,,,,,,,,,,,,
2020,스쿨존내어린이사고,1108,은평구,1,0.21,0,0,0,1,0.2,,,,,,,,,,,,,
2020,고령운전사고,1108,은평구,166,0.53,4,0.56,2.41,243,0.55,,,,,,,,,,,,,
2020,고령보행사고,1108,은평구,71,0.73,6,0.96,8.45,67,0.73,,,,,,,,,,,,,
2020,PM사고,1108,은평구,3,0.33,0,0,0,3,0.3,,,,,,,,,,,,,
2020,뺑소니사고,1108,은평구,31,0.42,0,0,0,38,0.36,,,,,,,,,,,,,
2020,무면허사고,1108,은평구,19,0.36,0,0,0,26,0.34,,,,,,,,,,,,,
2016,전체,1109,서대문구,1135,0.51,14,0.33,1.23,1566,0.47,348.3,114.25,4,48,143,99,679,29,87,314,767,54,0
2016,어린이사고,1109,서대문구,42,0.37,0,0,0,51,0.36,,,,,,,,,,,,,
2016,노인사고,1109,서대문구,173,0.48,7,0.4,4.05,177,0.46,,,,,,,,,,,,,
2016,보행자사고,1109,서대문구,320,0.65,11,0.64,3.44,320,0.64,,,,,,,,,,,,,
2016,자전거사고,1109,서대문구,36,0.61,1,0.88,2.78,37,0.59,,,,,,,,,,,,,
2016,야간사고,1109,서대문구,540,0.57,9,0.42,1.67,775,0.54,,,,,,,,,,,,,
2016,어린이보행사고,1109,서대문구,13,0.3,0,0,0,13,0.3,,,,,,,,,,,,,
2016,고령운전사고,1109,서대문구,154,0.63,2,0.26,1.3,200,0.56,,,,,,,,,,,,,
2016,고령보행사고,1109,서대문구,78,0.68,5,0.58,6.41,73,0.68,,,,,,,,,,,,,
2016,뺑소니사고,1109,서대문구,29,0.35,1,0.66,3.45,40,0.33,,,,,,,,,,,,,
2016,무면허사고,1109,서대문구,8,0.2,0,0,0,12,0.21,,,,,,,,,,,,,
2017,전체,1109,서대문구,1032,0.48,8,0.19,0.78,1430,0.44,317.51,102.22,5,28,119,60,638,38,103,310,674,48,0
2017,어린이사고,1109,서대문구,31,0.28,0,0,0,35,0.26,,,,,,,,,,,,,
2017,노인사고,1109,서대문구,166,0.44,4,0.23,2.41,175,0.43,,,,,,,,,,,,,
2017,보행자사고,1109,서대문구,312,0.66,5,0.3,1.6,324,0.68,,,,,,,,,,,,,
2017,자전거사고,1109,서대문구,26,0.46,0,0,0,29,0.49,,,,,,,,,,,,,
2017,야간사고,1109,서대문구,448,0.49,6,0.28,1.34,596,0.44,,,,,,,,,,,,,
2017,어린이보행사고,1109,서대문구,15,0.37,0,0,0,15,0.37,,,,,,,,,,,,,
2017,스쿨존내어린이사고,1109,서대문구,2,0.42,0,0,0,2,0.41,,,,,,,,,,,,,
2017,고령운전사고,1109,서대문구,163,0.61,1,0.12,0.61,232,0.6,,,,,,,,,,,,,
2017,고령보행사고,1109,서대문구,72,0.6,4,0.44,5.56,68,0.61,,,,,,,,,,,,,
2017,PM사고,1109,서대문구,1,0.85,0,0,0,1,0.81,,,,,,,,,,,,,
2017,뺑소니사고,1109,서대문구,20,0.25,0,0,0,31,0.27,,,,,,,,,,,,,
2017,무면허사고,1109,서대문구,9,0.18,0,0,0,12,0.16,,,,,,,,,,,,,
2018,전체,1109,서대문구,1033,0.48,5,0.13,0.48,1403,0.43,319.74,101.62,1,35,122,78,634,36,83,325,659,49,0
2018,어린이사고,1109,서대문구,32,0.32,0,0,0,36,0.29,,,,,,,,,,,,,
2018,노인사고,1109,서대문구,203,0.53,3,0.18,1.48,209,0.5,,,,,,,,,,,,,
2018,보행자사고,1109,서대문구,330,0.72,4,0.27,1.21,341,0.73,,,,,,,,,,,,,
2018,자전거사고,1109,서대문구,30,0.63,0,0,0,35,0.69,,,,,,,,,,,,,
2018,야간사고,1109,서대문구,460,0.51,4,0.21,0.87,628,0.47,,,,,,,,,,,,,
2018,어린이보행사고,1109,서대문구,13,0.36,0,0,0,13,0.35,,,,,,,,,,,,,
2018,고령운전사고,1109,서대문구,177,0.59,1,0.12,0.56,228,0.52,,,,,,,,,,,,,
2018,고령보행사고,1109,서대문구,97,0.82,2,0.24,2.06,97,0.87,,,,,,,,,,,,,
2018,뺑소니사고,1109,서대문구,15,0.2,0,0,0,32,0.29,,,,,,,,,,,,,
2018,무면허사고,1109,서대문구,14,0.27,0,0,0,17,0.22,,,,,,,,,,,,,
2019,전체,1109,서대문구,1113,0.48,14,0.42,1.26,1609,0.47,357.07,109.22,1,36,147,92,655,41,81,326,736,51,0
2019,어린이사고,1109,서대문구,43,0.39,0,0,0,50,0.35,,,,,,,,,,,,,
2019,노인사고,1109,서대문구,211,0.52,11,0.72,5.21,217,0.49,,,,,,,,,,,,,
2019,보행자사고,1109,서대문구,325,0.7,8,0.61,2.46,324,0.69,,,,,,,,,,,,,
2019,자전거사고,1109,서대문구,48,0.85,1,1.27,2.08,49,0.81,,,,,,,,,,,,,
2019,야간사고,1109,서대문구,469,0.52,6,0.38,1.28,624,0.46,,,,,,,,,,,,,
2019,어린이보행사고,1109,서대문구,16,0.41,0,0,0,16,0.41,,,,,,,,,,,,,
2019,고령운전사고,1109,서대문구,187,0.56,5,0.65,2.67,224,0.46,,,,,,,,,,,,,
2019,고령보행사고,1109,서대문구,87,0.71,6,0.81,6.9,82,0.7,,,,,,,,,,,,,
2019,PM사고,1109,서대문구,4,0.89,0,0,0,4,0.85,,,,,,,,,,,,,
2019,뺑소니사고,1109,서대문구,20,0.28,1,1.11,5,24,0.23,,,,,,,,,,,,,
2019,무면허사고,1109,서대문구,17,0.33,0,0,0,25,0.34,,,,,,,,,,,,,
2020,전체,1109,서대문구,928,0.44,6,0.19,0.65,1256,0.41,287.35,88.7,4,14,106,108,503,66,96,207,686,35,0
2020,어린이사고,1109,서대문구,36,0.43,1,4.17,2.78,42,0.4,,,,,,,,,,,,,
2020,노인사고,1109,서대문구,137,0.39,2,0.15,1.46,141,0.37,,,,,,,,,,,,,
2020,보행자사고,1109,서대문구,208,0.57,6,0.55,2.88,213,0.58,,,,,,,,,,,,,
2020,자전거사고,1109,서대문구,59,0.46,1,0.51,1.69,61,0.45,,,,,,,,,,,,,
2020,야간사고,1109,서대문구,365,0.44,3,0.21,0.82,507,0.42,,,,,,,,,,,,,
2020,어린이보행사고,1109,서대문구,13,0.63,1,6.25,7.69,13,0.61,,,,,,,,,,,,,
2020,스쿨존내어린이사고,1109,서대문구,2,0.41,0,0,0,3,0.59,,,,,,,,,,,,,
2020,고령운전사고,1109,서대문구,147,0.47,3,0.42,2.04,184,0.42,,,,,,,,,,,,,
2020,고령보행사고,1109,서대문구,53,0.54,2,0.32,3.77,52,0.56,,,,,,,,,,,,,
2020,PM사고,1109,서대문구,7,0.78,0,0,0,7,0.71,,,,,,,,,,,,,
2020,뺑소니사고,1109,서대문구,19,0.26,0,0,0,29,0.28,,,,,,,,,,,,,
2020,무면허사고,1109,서대문구,15,0.28,0,0,0,23,0.3,,,,,,,,,,,,,
2016,전체,1110,마포구,1768,0.8,15,0.35,0.85,2605,0.79,452.3,131.46,8,61,215,238,1012,18,153,437,1273,58,0
2016,어린이사고,1110,마포구,62,0.55,0,0,0,81,0.57,,,,,,,,,,,,,
2016,노인사고,1110,마포구,198,0.55,4,0.23,2.02,205,0.53,,,,,,,,,,,,,
2016,보행자사고,1110,마포구,444,0.9,8,0.47,1.8,457,0.92,,,,,,,,,,,,,
2016,자전거사고,1110,마포구,52,0.88,0,0,0,56,0.89,,,,,,,,,,,,,
2016,야간사고,1110,마포구,953,1,12,0.56,1.26,1447,1.01,,,,,,,,,,,,,
2016,어린이보행사고,1110,마포구,20,0.47,0,0,0,20,0.45,,,,,,,,,,,,,
2016,스쿨존내어린이사고,1110,마포구,2,0.42,0,0,0,2,0.39,,,,,,,,,,,,,
2016,고령운전사고,1110,마포구,192,0.79,0,0,0,284,0.8,,,,,,,,,,,,,
2016,고령보행사고,1110,마포구,77,0.67,4,0.46,5.19,75,0.7,,,,,,,,,,,,,
2016,뺑소니사고,1110,마포구,56,0.67,0,0,0,79,0.64,,,,,,,,,,,,,
2016,무면허사고,1110,마포구,18,0.45,0,0,0,25,0.43,,,,,,,,,,,,,
2017,전체,1110,마포구,1859,0.86,8,0.19,0.43,2793,0.87,481.88,138.92,6,65,210,198,1098,37,197,462,1340,57,0
2017,어린이사고,1110,마포구,59,0.54,0,0,0,67,0.5,,,,,,,,,,,,,
2017,노인사고,1110,마포구,208,0.55,4,0.23,1.92,229,0.56,,,,,,,,,,,,,
2017,보행자사고,1110,마포구,467,0.99,7,0.42,1.5,492,1.03,,,,,,,,,,,,,
2017,자전거사고,1110,마포구,48,0.85,0,0,0,49,0.83,,,,,,,,,,,,,
2017,야간사고,1110,마포구,962,1.06,3,0.14,0.31,1516,1.12,,,,,,,,,,,,,
2017,어린이보행사고,1110,마포구,22,0.55,0,0,0,23,0.56,,,,,,,,,,,,,
2017,스쿨존내어린이사고,1110,마포구,1,0.21,0,0,0,1,0.21,,,,,,,,,,,,,
2017,고령운전사고,1110,마포구,217,0.81,0,0,0,305,0.79,,,,,,,,,,,,,
2017,고령보행사고,1110,마포구,77,0.64,4,0.44,5.19,73,0.65,,,,,,,,,,,,,
2017,뺑소니사고,1110,마포구,53,0.67,1,0.67,1.89,80,0.7,,,,,,,,,,,,,
2017,무면허사고,1110,마포구,40,0.78,0,0,0,66,0.88,,,,,,,,,,,,,
2018,전체,1110,마포구,1671,0.77,11,0.29,0.66,2429,0.75,432.5,123.72,8,43,177,254,923,48,160,397,1220,54,0
2018,어린이사고,1110,마포구,45,0.45,0,0,0,50,0.4,,,,,,,,,,,,,
2018,노인사고,1110,마포구,191,0.49,4,0.24,2.09,201,0.48,,,,,,,,,,,,,
2018,보행자사고,1110,마포구,402,0.88,4,0.27,1,416,0.9,,,,,,,,,,,,,
2018,자전거사고,1110,마포구,45,0.94,1,1.1,2.22,46,0.91,,,,,,,,,,,,,
2018,야간사고,1110,마포구,881,0.98,6,0.32,0.68,1321,0.99,,,,,,,,,,,,,
2018,어린이보행사고,1110,마포구,21,0.59,0,0,0,21,0.57,,,,,,,,,,,,,
2018,스쿨존내어린이사고,1110,마포구,2,0.46,0,0,0,2,0.42,,,,,,,,,,,,,
2018,고령운전사고,1110,마포구,246,0.82,1,0.12,0.41,366,0.84,,,,,,,,,,,,,
2018,고령보행사고,1110,마포구,62,0.52,4,0.48,6.45,58,0.52,,,,,,,,,,,,,
2018,PM사고,1110,마포구,4,1.78,0,0,0,4,1.68,,,,,,,,,,,,,
2018,뺑소니사고,1110,마포구,42,0.55,0,0,0,61,0.55,,,,,,,,,,,,,
2018,무면허사고,1110,마포구,30,0.58,0,0,0,43,0.57,,,,,,,,,,,,,
2019,전체,1110,마포구,1494,0.65,7,0.21,0.47,2123,0.62,395.88,110.56,4,37,166,210,830,51,153,360,1094,40,0
2019,어린이사고,1110,마포구,45,0.41,0,0,0,54,0.38,,,,,,,,,,,,,
2019,노인사고,1110,마포구,192,0.47,3,0.2,1.56,204,0.46,,,,,,,,,,,,,
2019,보행자사고,1110,마포구,363,0.78,4,0.31,1.1,375,0.79,,,,,,,,,,,,,
2019,자전거사고,1110,마포구,52,0.92,0,0,0,58,0.96,,,,,,,,,,,,,
2019,야간사고,1110,마포구,718,0.79,4,0.25,0.56,1059,0.79,,,,,,,,,,,,,
2019,어린이보행사고,1110,마포구,14,0.36,0,0,0,14,0.36,,,,,,,,,,,,,
2019,스쿨존내어린이사고,1110,마포구,2,0.35,0,0,0,2,0.34,,,,,,,,,,,,,
2019,고령운전사고,1110,마포구,198,0.6,1,0.13,0.51,279,0.58,,,,,,,,,,,,,
2019,고령보행사고,1110,마포구,64,0.52,3,0.4,4.69,61,0.52,,,,,,,,,,,,,
2019,PM사고,1110,마포구,4,0.89,1,12.5,25,3,0.63,,,,,,,,,,,,,
2019,뺑소니사고,1110,마포구,31,0.43,0,0,0,51,0.5,,,,,,,,,,,,,
2019,무면허사고,1110,마포구,34,0.66,0,0,0,54,0.73,,,,,,,,,,,,,
2020,전체,1110,마포구,1272,0.61,13,0.42,1.02,1754,0.57,333.11,92.86,1,29,154,184,675,39,145,265,974,33,0
2020,어린이사고,1110,마포구,34,0.4,0,0,0,43,0.41,,,,,,,,,,,,,
2020,노인사고,1110,마포구,148,0.42,4,0.3,2.7,154,0.4,,,,,,,,,,,,,
2020,보행자사고,1110,마포구,270,0.74,6,0.55,2.22,278,0.75,,,,,,,,,,,,,
2020,자전거사고,1110,마포구,99,0.77,1,0.51,1.01,110,0.82,,,,,,,,,,,,,
2020,야간사고,1110,마포구,656,0.79,7,0.48,1.07,921,0.76,,,,,,,,,,,,,
2020,어린이보행사고,1110,마포구,5,0.24,0,0,0,5,0.23,,,,,,,,,,,,,
2020,스쿨존내어린이사고,1110,마포구,2,0.41,0,0,0,2,0.39,,,,,,,,,,,,,
2020,고령운전사고,1110,마포구,183,0.59,5,0.69,2.73,229,0.52,,,,,,,,,,,,,
2020,고령보행사고,1110,마포구,49,0.5,2,0.32,4.08,47,0.51,,,,,,,,,,,,,
2020,PM사고,1110,마포구,32,3.57,0,0,0,33,3.35,,,,,,,,,,,,,
2020,뺑소니사고,1110,마포구,16,0.22,0,0,0,22,0.21,,,,,,,,,,,,,
2020,무면허사고,1110,마포구,28,0.53,0,0,0,32,0.42,,,,,,,,,,,,,
2016,전체,1111,강서구,1691,0.77,13,0.3,0.77,2230,0.67,280.85,78.74,2,67,166,169,994,97,136,471,1139,81,0
2016,어린이사고,1111,강서구,73,0.65,0,0,0,89,0.63,,,,,,,,,,,,,
2016,노인사고,1111,강서구,240,0.67,4,0.23,1.67,246,0.64,,,,,,,,,,,,,
2016,보행자사고,1111,강서구,472,0.96,6,0.35,1.27,485,0.98,,,,,,,,,,,,,
2016,자전거사고,1111,강서구,125,2.11,1,0.88,0.8,127,2.02,,,,,,,,,,,,,
2016,야간사고,1111,강서구,763,0.8,7,0.32,0.92,1048,0.74,,,,,,,,,,,,,
2016,어린이보행사고,1111,강서구,33,0.77,0,0,0,34,0.77,,,,,,,,,,,,,
2016,스쿨존내어린이사고,1111,강서구,1,0.21,0,0,0,1,0.2,,,,,,,,,,,,,
2016,고령운전사고,1111,강서구,183,0.75,2,0.26,1.09,230,0.64,,,,,,,,,,,,,
2016,고령보행사고,1111,강서구,106,0.93,3,0.35,2.83,104,0.97,,,,,,,,,,,,,
2016,뺑소니사고,1111,강서구,14,0.17,0,0,0,28,0.23,,,,,,,,,,,,,
2016,무면허사고,1111,강서구,13,0.33,0,0,0,22,0.38,,,,,,,,,,,,,
2017,전체,1111,강서구,1584,0.73,12,0.29,0.76,2155,0.67,260.42,71.75,1,81,185,178,886,40,149,402,1125,57,0
2017,어린이사고,1111,강서구,62,0.57,0,0,0,73,0.54,,,,,,,,,,,,,
2017,노인사고,1111,강서구,231,0.62,6,0.34,2.6,235,0.58,,,,,,,,,,,,,
2017,보행자사고,1111,강서구,409,0.86,6,0.36,1.47,414,0.87,,,,,,,,,,,,,
2017,자전거사고,1111,강서구,87,1.54,2,1.59,2.3,93,1.57,,,,,,,,,,,,,
2017,야간사고,1111,강서구,734,0.81,7,0.33,0.95,1038,0.76,,,,,,,,,,,,,
2017,어린이보행사고,1111,강서구,27,0.67,0,0,0,27,0.66,,,,,,,,,,,,,
2017,스쿨존내어린이사고,1111,강서구,4,0.84,0,0,0,4,0.82,,,,,,,,,,,,,
2017,고령운전사고,1111,강서구,193,0.72,3,0.35,1.55,247,0.64,,,,,,,,,,,,,
2017,고령보행사고,1111,강서구,100,0.83,5,0.55,5,95,0.85,,,,,,,,,,,,,
2017,PM사고,1111,강서구,3,2.56,0,0,0,3,2.42,,,,,,,,,,,,,
2017,뺑소니사고,1111,강서구,25,0.32,0,0,0,40,0.35,,,,,,,,,,,,,
2017,무면허사고,1111,강서구,22,0.43,0,0,0,30,0.4,,,,,,,,,,,,,
2018,전체,1111,강서구,1502,0.69,11,0.29,0.73,2208,0.68,248.84,67.35,5,54,217,144,812,30,146,387,1052,63,0
2018,어린이사고,1111,강서구,64,0.64,0,0,0,73,0.58,,,,,,,,,,,,,
2018,노인사고,1111,강서구,210,0.54,5,0.3,2.38,223,0.53,,,,,,,,,,,,,
2018,보행자사고,1111,강서구,391,0.85,5,0.34,1.28,412,0.89,,,,,,,,,,,,,
2018,자전거사고,1111,강서구,59,1.24,1,1.1,1.69,59,1.17,,,,,,,,,,,,,
2018,야간사고,1111,강서구,704,0.78,8,0.43,1.14,1105,0.83,,,,,,,,,,,,,
2018,어린이보행사고,1111,강서구,29,0.81,0,0,0,30,0.81,,,,,,,,,,,,,
2018,스쿨존내어린이사고,1111,강서구,6,1.38,0,0,0,6,1.27,,,,,,,,,,,,,
2018,고령운전사고,1111,강서구,181,0.6,2,0.24,1.1,280,0.64,,,,,,,,,,,,,
2018,고령보행사고,1111,강서구,87,0.74,3,0.36,3.45,85,0.76,,,,,,,,,,,,,
2018,PM사고,1111,강서구,2,0.89,0,0,0,2,0.84,,,,,,,,,,,,,
2018,뺑소니사고,1111,강서구,31,0.41,1,0.93,3.23,43,0.39,,,,,,,,,,,,,
2018,무면허사고,1111,강서구,20,0.38,2,1.06,10,29,0.38,,,,,,,,,,,,,
2019,전체,1111,강서구,1829,0.8,20,0.6,1.09,2491,0.73,306.7,81.9,7,71,251,179,1081,36,122,469,1298,62,0
2019,어린이사고,1111,강서구,90,0.81,1,3.57,1.11,110,0.78,,,,,,,,,,,,,
2019,노인사고,1111,강서구,276,0.68,8,0.53,2.9,283,0.64,,,,,,,,,,,,,
2019,보행자사고,1111,강서구,468,1,13,1,2.78,469,0.99,,,,,,,,,,,,,
2019,자전거사고,1111,강서구,72,1.28,0,0,0,79,1.31,,,,,,,,,,,,,
2019,야간사고,1111,강서구,803,0.88,11,0.69,1.37,1096,0.81,,,,,,,,,,,,,
2019,어린이보행사고,1111,강서구,43,1.12,1,5,2.33,42,1.07,,,,,,,,,,,,,
2019,스쿨존내어린이사고,1111,강서구,16,2.82,1,16.67,6.25,15,2.55,,,,,,,,,,,,,
2019,고령운전사고,1111,강서구,244,0.73,3,0.39,1.23,316,0.66,,,,,,,,,,,,,
2019,고령보행사고,1111,강서구,109,0.89,6,0.81,5.5,103,0.88,,,,,,,,,,,,,
2019,PM사고,1111,강서구,4,0.89,0,0,0,4,0.85,,,,,,,,,,,,,
2019,뺑소니사고,1111,강서구,56,0.79,0,0,0,71,0.69,,,,,,,,,,,,,
2019,무면허사고,1111,강서구,30,0.58,0,0,0,45,0.6,,,,,,,,,,,,,
2020,전체,1111,강서구,1575,0.75,17,0.55,1.08,2131,0.7,268.82,70.24,8,58,225,132,950,37,110,346,1179,50,0
2020,어린이사고,1111,강서구,43,0.51,0,0,0,50,0.48,,,,,,,,,,,,,
2020,노인사고,1111,강서구,232,0.66,9,0.67,3.88,242,0.63,,,,,,,,,,,,,
2020,보행자사고,1111,강서구,348,0.95,9,0.82,2.59,349,0.94,,,,,,,,,,,,,
2020,자전거사고,1111,강서구,143,1.11,2,1.02,1.4,148,1.1,,,,,,,,,,,,,
2020,야간사고,1111,강서구,695,0.83,5,0.34,0.72,941,0.77,,,,,,,,,,,,,
2020,어린이보행사고,1111,강서구,14,0.67,0,0,0,14,0.66,,,,,,,,,,,,,
2020,스쿨존내어린이사고,1111,강서구,5,1.04,0,0,0,5,0.99,,,,,,,,,,,,,
2020,고령운전사고,1111,강서구,210,0.68,3,0.42,1.43,288,0.65,,,,,,,,,,,,,
2020,고령보행사고,1111,강서구,85,0.87,5,0.8,5.88,80,0.87,,,,,,,,,,,,,
2020,PM사고,1111,강서구,10,1.11,0,0,0,12,1.22,,,,,,,,,,,,,
2020,뺑소니사고,1111,강서구,52,0.7,0,0,0,61,0.59,,,,,,,,,,,,,
2020,무면허사고,1111,강서구,21,0.4,0,0,0,34,0.45,,,,,,,,,,,,,
2016,전체,1112,구로구,1511,0.68,9,0.21,0.6,2139,0.64,336.08,96.3,0,66,233,175,833,25,101,435,1030,46,0
2016,어린이사고,1112,구로구,66,0.59,0,0,0,79,0.56,,,,,,,,,,,,,
2016,노인사고,1112,구로구,207,0.58,5,0.29,2.42,207,0.54,,,,,,,,,,,,,
2016,보행자사고,1112,구로구,439,0.89,5,0.29,1.14,450,0.9,,,,,,,,,,,,,
2016,자전거사고,1112,구로구,84,1.42,2,1.77,2.38,90,1.43,,,,,,,,,,,,,
2016,야간사고,1112,구로구,751,0.79,5,0.23,0.67,1119,0.78,,,,,,,,,,,,,
2016,어린이보행사고,1112,구로구,32,0.75,0,0,0,32,0.73,,,,,,,,,,,,,
2016,스쿨존내어린이사고,1112,구로구,9,1.88,0,0,0,10,1.96,,,,,,,,,,,,,
2016,고령운전사고,1112,구로구,146,0.6,2,0.26,1.37,195,0.55,,,,,,,,,,,,,
2016,고령보행사고,1112,구로구,96,0.84,3,0.35,3.13,93,0.87,,,,,,,,,,,,,
2016,뺑소니사고,1112,구로구,32,0.38,0,0,0,48,0.39,,,,,,,,,,,,,
2016,무면허사고,1112,구로구,23,0.58,0,0,0,32,0.55,,,,,,,,,,,,,
2017,전체,1112,구로구,1433,0.66,12,0.29,0.84,1960,0.61,324.53,89.44,3,63,196,124,865,25,108,370,1015,48,0
2017,어린이사고,1112,구로구,68,0.62,0,0,0,94,0.7,,,,,,,,,,,,,
2017,노인사고,1112,구로구,203,0.54,6,0.34,2.96,207,0.51,,,,,,,,,,,,,
2017,보행자사고,1112,구로구,374,0.79,9,0.54,2.41,379,0.79,,,,,,,,,,,,,
2017,자전거사고,1112,구로구,49,0.87,0,0,0,51,0.86,,,,,,,,,,,,,
2017,야간사고,1112,구로구,647,0.71,8,0.38,1.24,899,0.66,,,,,,,,,,,,,
2017,어린이보행사고,1112,구로구,27,0.67,0,0,0,29,0.71,,,,,,,,,,,,,
2017,스쿨존내어린이사고,1112,구로구,10,2.09,0,0,0,11,2.26,,,,,,,,,,,,,
2017,고령운전사고,1112,구로구,161,0.6,0,0,0,227,0.59,,,,,,,,,,,,,
2017,고령보행사고,1112,구로구,88,0.73,5,0.55,5.68,85,0.76,,,,,,,,,,,,,
2017,PM사고,1112,구로구,2,1.71,0,0,0,2,1.61,,,,,,,,,,,,,
2017,뺑소니사고,1112,구로구,61,0.77,0,0,0,101,0.88,,,,,,,,,,,,,
2017,무면허사고,1112,구로구,35,0.68,0,0,0,51,0.68,,,,,,,,,,,,,
2018,전체,1112,구로구,1532,0.71,13,0.34,0.85,2129,0.66,349.38,95.58,0,53,228,200,873,31,86,376,1089,67,0
2018,어린이사고,1112,구로구,63,0.63,0,0,0,77,0.61,,,,,,,,,,,,,
2018,노인사고,1112,구로구,242,0.63,6,0.36,2.48,249,0.6,,,,,,,,,,,,,
2018,보행자사고,1112,구로구,379,0.83,10,0.67,2.64,383,0.83,,,,,,,,,,,,,
2018,자전거사고,1112,구로구,53,1.11,0,0,0,59,1.17,,,,,,,,,,,,,
2018,야간사고,1112,구로구,695,0.77,8,0.43,1.15,996,0.74,,,,,,,,,,,,,
2018,어린이보행사고,1112,구로구,23,0.64,0,0,0,23,0.62,,,,,,,,,,,,,
2018,스쿨존내어린이사고,1112,구로구,9,2.07,0,0,0,9,1.9,,,,,,,,,,,,,
2018,고령운전사고,1112,구로구,209,0.7,2,0.24,0.96,267,0.61,,,,,,,,,,,,,
2018,고령보행사고,1112,구로구,104,0.88,5,0.59,4.81,100,0.9,,,,,,,,,,,,,
2018,PM사고,1112,구로구,4,1.78,0,0,0,7,2.94,,,,,,,,,,,,,
2018,뺑소니사고,1112,구로구,44,0.58,0,0,0,71,0.64,,,,,,,,,,,,,
2018,무면허사고,1112,구로구,27,0.52,0,0,0,38,0.5,,,,,,,,,,,,,
2019,전체,1112,구로구,1529,0.67,13,0.39,0.85,2096,0.61,356.75,95.49,4,41,244,166,857,43,109,408,1074,47,0
2019,어린이사고,1112,구로구,81,0.73,0,0,0,94,0.67,,,,,,,,,,,,,
2019,노인사고,1112,구로구,230,0.57,5,0.33,2.17,235,0.53,,,,,,,,,,,,,
2019,보행자사고,1112,구로구,412,0.88,8,0.61,1.94,420,0.89,,,,,,,,,,,,,
2019,자전거사고,1112,구로구,71,1.26,0,0,0,78,1.3,,,,,,,,,,,,,
2019,야간사고,1112,구로구,692,0.76,7,0.44,1.01,982,0.73,,,,,,,,,,,,,
2019,어린이보행사고,1112,구로구,44,1.14,0,0,0,44,1.12,,,,,,,,,,,,,
2019,스쿨존내어린이사고,1112,구로구,13,2.29,0,0,0,13,2.21,,,,,,,,,,,,,
2019,고령운전사고,1112,구로구,217,0.65,3,0.39,1.38,295,0.61,,,,,,,,,,,,,
2019,고령보행사고,1112,구로구,92,0.75,3,0.4,3.26,90,0.77,,,,,,,,,,,,,
2019,PM사고,1112,구로구,3,0.67,0,0,0,3,0.63,,,,,,,,,,,,,
2019,뺑소니사고,1112,구로구,35,0.49,0,0,0,40,0.39,,,,,,,,,,,,,
2019,무면허사고,1112,구로구,19,0.37,0,0,0,25,0.34,,,,,,,,,,,,,
2020,전체,1112,구로구,1325,0.63,10,0.32,0.75,1810,0.59,306.37,82.21,5,46,177,189,720,44,93,296,973,56,0
2020,어린이사고,1112,구로구,32,0.38,0,0,0,39,0.37,,,,,,,,,,,,,
2020,노인사고,1112,구로구,201,0.57,1,0.07,0.5,213,0.56,,,,,,,,,,,,,
2020,보행자사고,1112,구로구,296,0.81,2,0.18,0.68,306,0.83,,,,,,,,,,,,,
2020,자전거사고,1112,구로구,99,0.77,1,0.51,1.01,106,0.79,,,,,,,,,,,,,
2020,야간사고,1112,구로구,594,0.71,4,0.27,0.67,859,0.7,,,,,,,,,,,,,
2020,어린이보행사고,1112,구로구,16,0.77,0,0,0,16,0.75,,,,,,,,,,,,,
2020,스쿨존내어린이사고,1112,구로구,4,0.83,0,0,0,5,0.99,,,,,,,,,,,,,
2020,고령운전사고,1112,구로구,193,0.62,1,0.14,0.52,269,0.61,,,,,,,,,,,,,
2020,고령보행사고,1112,구로구,66,0.68,0,0,0,67,0.73,,,,,,,,,,,,,
2020,PM사고,1112,구로구,12,1.34,0,0,0,12,1.22,,,,,,,,,,,,,
2020,뺑소니사고,1112,구로구,32,0.43,0,0,0,49,0.47,,,,,,,,,,,,,
2020,무면허사고,1112,구로구,37,0.7,0,0,0,45,0.59,,,,,,,,,,,,,
2016,전체,1113,영등포구,2403,1.09,22,0.51,0.92,3473,1.05,590.74,147.54,5,86,270,278,1464,55,168,531,1777,95,0
2016,어린이사고,1113,영등포구,79,0.7,0,0,0,102,0.72,,,,,,,,,,,,,
2016,노인사고,1113,영등포구,312,0.87,5,0.29,1.6,325,0.85,,,,,,,,,,,,,
2016,보행자사고,1113,영등포구,537,1.09,9,0.53,1.68,552,1.11,,,,,,,,,,,,,
2016,자전거사고,1113,영등포구,193,3.25,1,0.88,0.52,216,3.43,,,,,,,,,,,,,
2016,야간사고,1113,영등포구,1158,1.22,12,0.56,1.04,1739,1.22,,,,,,,,,,,,,
2016,어린이보행사고,1113,영등포구,34,0.79,0,0,0,35,0.8,,,,,,,,,,,,,
2016,스쿨존내어린이사고,1113,영등포구,3,0.63,0,0,0,4,0.78,,,,,,,,,,,,,
2016,고령운전사고,1113,영등포구,248,1.02,2,0.26,0.81,346,0.97,,,,,,,,,,,,,
2016,고령보행사고,1113,영등포구,106,0.93,2,0.23,1.89,105,0.98,,,,,,,,,,,,,
2016,뺑소니사고,1113,영등포구,44,0.53,0,0,0,70,0.57,,,,,,,,,,,,,
2016,무면허사고,1113,영등포구,13,0.33,1,0.68,7.69,25,0.43,,,,,,,,,,,,,
2017,전체,1113,영등포구,2386,1.1,22,0.53,0.92,3519,1.09,593.5,146.72,20,77,289,276,1478,37,140,560,1730,96,0
2017,어린이사고,1113,영등포구,89,0.81,0,0,0,117,0.87,,,,,,,,,,,,,
2017,노인사고,1113,영등포구,328,0.87,8,0.45,2.44,340,0.84,,,,,,,,,,,,,
2017,보행자사고,1113,영등포구,563,1.19,13,0.78,2.31,568,1.19,,,,,,,,,,,,,
2017,자전거사고,1113,영등포구,150,2.65,1,0.79,0.67,163,2.75,,,,,,,,,,,,,
2017,야간사고,1113,영등포구,1157,1.27,14,0.66,1.21,1771,1.3,,,,,,,,,,,,,
2017,어린이보행사고,1113,영등포구,20,0.5,0,0,0,20,0.49,,,,,,,,,,,,,
2017,스쿨존내어린이사고,1113,영등포구,4,0.84,0,0,0,4,0.82,,,,,,,,,,,,,
2017,고령운전사고,1113,영등포구,313,1.17,1,0.12,0.32,411,1.06,,,,,,,,,,,,,
2017,고령보행사고,1113,영등포구,120,1,7,0.77,5.83,114,1.02,,,,,,,,,,,,,
2017,PM사고,1113,영등포구,2,1.71,0,0,0,2,1.61,,,,,,,,,,,,,
2017,뺑소니사고,1113,영등포구,35,0.44,1,0.67,2.86,64,0.56,,,,,,,,,,,,,
2017,무면허사고,1113,영등포구,22,0.43,0,0,0,40,0.53,,,,,,,,,,,,,
2018,전체,1113,영등포구,2493,1.15,22,0.58,0.88,3532,1.09,617.69,155.52,10,82,325,293,1505,26,158,563,1877,53,0
2018,어린이사고,1113,영등포구,85,0.85,0,0,0,96,0.77,,,,,,,,,,,,,
2018,노인사고,1113,영등포구,350,0.91,6,0.36,1.71,358,0.86,,,,,,,,,,,,,
2018,보행자사고,1113,영등포구,564,1.23,12,0.81,2.13,579,1.25,,,,,,,,,,,,,
2018,자전거사고,1113,영등포구,161,3.37,4,4.4,2.48,172,3.41,,,,,,,,,,,,,
2018,야간사고,1113,영등포구,1175,1.3,12,0.64,1.02,1753,1.31,,,,,,,,,,,,,
2018,어린이보행사고,1113,영등포구,37,1.03,0,0,0,37,1,,,,,,,,,,,,,
2018,스쿨존내어린이사고,1113,영등포구,5,1.15,0,0,0,5,1.06,,,,,,,,,,,,,
2018,고령운전사고,1113,영등포구,354,1.18,3,0.36,0.85,470,1.08,,,,,,,,,,,,,
2018,고령보행사고,1113,영등포구,122,1.03,5,0.59,4.1,117,1.05,,,,,,,,,,,,,
2018,PM사고,1113,영등포구,3,1.33,0,0,0,3,1.26,,,,,,,,,,,,,
2018,뺑소니사고,1113,영등포구,39,0.51,1,0.93,2.56,52,0.47,,,,,,,,,,,,,
2018,무면허사고,1113,영등포구,27,0.52,0,0,0,40,0.53,,,,,,,,,,,,,
2019,전체,1113,영등포구,2439,1.06,11,0.33,0.45,3451,1.01,622.4,154.1,7,72,331,293,1446,42,150,565,1815,59,0
2019,어린이사고,1113,영등포구,74,0.67,0,0,0,92,0.65,,,,,,,,,,,,,
2019,노인사고,1113,영등포구,341,0.84,2,0.13,0.59,375,0.84,,,,,,,,,,,,,
2019,보행자사고,1113,영등포구,560,1.2,6,0.46,1.07,575,1.22,,,,,,,,,,,,,
2019,자전거사고,1113,영등포구,189,3.36,0,0,0,219,3.64,,,,,,,,,,,,,
2019,야간사고,1113,영등포구,1047,1.15,8,0.5,0.76,1561,1.16,,,,,,,,,,,,,
2019,어린이보행사고,1113,영등포구,31,0.8,0,0,0,33,0.84,,,,,,,,,,,,,
2019,스쿨존내어린이사고,1113,영등포구,2,0.35,0,0,0,2,0.34,,,,,,,,,,,,,
2019,고령운전사고,1113,영등포구,350,1.05,1,0.13,0.29,475,0.99,,,,,,,,,,,,,
2019,고령보행사고,1113,영등포구,123,1,1,0.13,0.81,124,1.06,,,,,,,,,,,,,
2019,PM사고,1113,영등포구,6,1.34,0,0,0,6,1.27,,,,,,,,,,,,,
2019,뺑소니사고,1113,영등포구,27,0.38,0,0,0,36,0.35,,,,,,,,,,,,,
2019,무면허사고,1113,영등포구,19,0.37,0,0,0,24,0.32,,,,,,,,,,,,,
2020,전체,1113,영등포구,2208,1.05,7,0.23,0.32,3102,1.01,542.02,135.29,3,78,291,296,1320,30,122,371,1786,51,0
2020,어린이사고,1113,영등포구,50,0.6,0,0,0,58,0.55,,,,,,,,,,,,,
2020,노인사고,1113,영등포구,296,0.84,1,0.07,0.34,320,0.84,,,,,,,,,,,,,
2020,보행자사고,1113,영등포구,372,1.02,3,0.27,0.81,380,1.03,,,,,,,,,,,,,
2020,자전거사고,1113,영등포구,284,2.21,1,0.51,0.35,315,2.35,,,,,,,,,,,,,
2020,야간사고,1113,영등포구,956,1.15,5,0.34,0.52,1389,1.14,,,,,,,,,,,,,
2020,어린이보행사고,1113,영등포구,14,0.67,0,0,0,14,0.66,,,,,,,,,,,,,
2020,스쿨존내어린이사고,1113,영등포구,4,0.83,0,0,0,4,0.79,,,,,,,,,,,,,
2020,고령운전사고,1113,영등포구,347,1.12,1,0.14,0.29,502,1.13,,,,,,,,,,,,,
2020,고령보행사고,1113,영등포구,77,0.79,1,0.16,1.3,77,0.83,,,,,,,,,,,,,
2020,PM사고,1113,영등포구,14,1.56,0,0,0,19,1.93,,,,,,,,,,,,,
2020,뺑소니사고,1113,영등포구,36,0.49,1,1.03,2.78,60,0.58,,,,,,,,,,,,,
2020,무면허사고,1113,영등포구,28,0.53,1,0.59,3.57,43,0.57,,,,,,,,,,,,,
2016,전체,1114,동작구,1471,0.67,19,0.44,1.29,2028,0.61,355.96,123.29,1,49,111,165,905,31,128,456,960,55,0
2016,어린이사고,1114,동작구,63,0.56,0,0,0,77,0.54,,,,,,,,,,,,,
2016,노인사고,1114,동작구,196,0.55,8,0.46,4.08,195,0.51,,,,,,,,,,,,,
2016,보행자사고,1114,동작구,462,0.94,8,0.47,1.73,470,0.95,,,,,,,,,,,,,
2016,자전거사고,1114,동작구,67,1.13,2,1.77,2.99,81,1.29,,,,,,,,,,,,,
2016,야간사고,1114,동작구,698,0.73,11,0.51,1.58,1006,0.71,,,,,,,,,,,,,
2016,어린이보행사고,1114,동작구,32,0.75,0,0,0,33,0.75,,,,,,,,,,,,,
2016,스쿨존내어린이사고,1114,동작구,6,1.25,0,0,0,6,1.18,,,,,,,,,,,,,
2016,고령운전사고,1114,동작구,170,0.7,4,0.53,2.35,251,0.7,,,,,,,,,,,,,
2016,고령보행사고,1114,동작구,98,0.86,3,0.35,3.06,95,0.89,,,,,,,,,,,,,
2016,뺑소니사고,1114,동작구,21,0.25,0,0,0,28,0.23,,,,,,,,,,,,,
2016,무면허사고,1114,동작구,21,0.53,0,0,0,24,0.41,,,,,,,,,,,,,
2017,전체,1114,동작구,1409,0.65,20,0.48,1.42,2043,0.63,344.93,117.52,1,31,120,197,835,33,142,388,972,49,0
2017,어린이사고,1114,동작구,46,0.42,0,0,0,54,0.4,,,,,,,,,,,,,
2017,노인사고,1114,동작구,200,0.53,11,0.62,5.5,198,0.49,,,,,,,,,,,,,
2017,보행자사고,1114,동작구,391,0.83,11,0.66,2.81,402,0.84,,,,,,,,,,,,,
2017,자전거사고,1114,동작구,54,0.95,1,0.79,1.85,65,1.1,,,,,,,,,,,,,
2017,야간사고,1114,동작구,650,0.72,10,0.47,1.54,971,0.71,,,,,,,,,,,,,
2017,어린이보행사고,1114,동작구,17,0.42,0,0,0,17,0.41,,,,,,,,,,,,,
2017,스쿨존내어린이사고,1114,동작구,4,0.84,0,0,0,4,0.82,,,,,,,,,,,,,
2017,고령운전사고,1114,동작구,177,0.66,6,0.71,3.39,257,0.67,,,,,,,,,,,,,
2017,고령보행사고,1114,동작구,93,0.78,7,0.77,7.53,89,0.79,,,,,,,,,,,,,
2017,뺑소니사고,1114,동작구,26,0.33,0,0,0,47,0.41,,,,,,,,,,,,,
2017,무면허사고,1114,동작구,18,0.35,1,0.63,5.56,27,0.36,,,,,,,,,,,,,
2018,전체,1114,동작구,1412,0.65,9,0.24,0.64,1892,0.59,344.91,117.24,1,30,121,195,809,51,135,427,933,52,0
2018,어린이사고,1114,동작구,43,0.43,1,2.94,2.33,48,0.38,,,,,,,,,,,,,
2018,노인사고,1114,동작구,225,0.58,4,0.24,1.78,237,0.57,,,,,,,,,,,,,
2018,보행자사고,1114,동작구,423,0.92,9,0.61,2.13,425,0.92,,,,,,,,,,,,,
2018,자전거사고,1114,동작구,63,1.32,0,0,0,71,1.41,,,,,,,,,,,,,
2018,야간사고,1114,동작구,668,0.74,3,0.16,0.45,915,0.68,,,,,,,,,,,,,
2018,어린이보행사고,1114,동작구,25,0.7,1,4.55,4,25,0.68,,,,,,,,,,,,,
2018,스쿨존내어린이사고,1114,동작구,4,0.92,1,33.33,25,3,0.63,,,,,,,,,,,,,
2018,고령운전사고,1114,동작구,194,0.65,3,0.36,1.55,256,0.59,,,,,,,,,,,,,
2018,고령보행사고,1114,동작구,107,0.91,4,0.48,3.74,105,0.94,,,,,,,,,,,,,
2018,PM사고,1114,동작구,1,0.44,0,0,0,1,0.42,,,,,,,,,,,,,
2018,뺑소니사고,1114,동작구,18,0.24,1,0.93,5.56,31,0.28,,,,,,,,,,,,,
2018,무면허사고,1114,동작구,21,0.4,0,0,0,32,0.42,,,,,,,,,,,,,
2019,전체,1114,동작구,1406,0.61,5,0.15,0.36,2021,0.59,349.14,116.56,4,37,147,185,757,57,145,399,961,46,0
2019,어린이사고,1114,동작구,57,0.52,0,0,0,66,0.47,,,,,,,,,,,,,
2019,노인사고,1114,동작구,203,0.5,1,0.07,0.49,224,0.5,,,,,,,,,,,,,
2019,보행자사고,1114,동작구,410,0.88,3,0.23,0.73,423,0.9,,,,,,,,,,,,,
2019,자전거사고,1114,동작구,53,0.94,0,0,0,63,1.05,,,,,,,,,,,,,
2019,야간사고,1114,동작구,587,0.64,4,0.25,0.68,851,0.63,,,,,,,,,,,,,
2019,어린이보행사고,1114,동작구,24,0.62,0,0,0,24,0.61,,,,,,,,,,,,,
2019,스쿨존내어린이사고,1114,동작구,4,0.71,0,0,0,4,0.68,,,,,,,,,,,,,
2019,고령운전사고,1114,동작구,214,0.64,1,0.13,0.47,294,0.61,,,,,,,,,,,,,
2019,고령보행사고,1114,동작구,93,0.76,1,0.13,1.08,97,0.83,,,,,,,,,,,,,
2019,PM사고,1114,동작구,1,0.22,0,0,0,1,0.21,,,,,,,,,,,,,
2019,뺑소니사고,1114,동작구,18,0.25,0,0,0,44,0.43,,,,,,,,,,,,,
2019,무면허사고,1114,동작구,25,0.48,0,0,0,32,0.43,,,,,,,,,,,,,
2020,전체,1114,동작구,1307,0.62,10,0.32,0.77,1819,0.59,325.47,108.09,2,29,142,216,719,54,96,308,936,63,0
2020,어린이사고,1114,동작구,24,0.29,0,0,0,29,0.28,,,,,,,,,,,,,
2020,노인사고,1114,동작구,199,0.56,2,0.15,1.01,205,0.54,,,,,,,,,,,,,
2020,보행자사고,1114,동작구,307,0.84,8,0.73,2.61,304,0.82,,,,,,,,,,,,,
2020,자전거사고,1114,동작구,102,0.79,0,0,0,117,0.87,,,,,,,,,,,,,
2020,야간사고,1114,동작구,566,0.68,4,0.27,0.71,807,0.66,,,,,,,,,,,,,
2020,어린이보행사고,1114,동작구,6,0.29,0,0,0,6,0.28,,,,,,,,,,,,,
2020,스쿨존내어린이사고,1114,동작구,2,0.41,0,0,0,2,0.39,,,,,,,,,,,,,
2020,고령운전사고,1114,동작구,187,0.6,4,0.56,2.14,256,0.58,,,,,,,,,,,,,
2020,고령보행사고,1114,동작구,76,0.78,1,0.16,1.32,75,0.81,,,,,,,,,,,,,
2020,PM사고,1114,동작구,11,1.23,0,0,0,11,1.12,,,,,,,,,,,,,
2020,뺑소니사고,1114,동작구,22,0.3,0,0,0,46,0.44,,,,,,,,,,,,,
2020,무면허사고,1114,동작구,30,0.57,0,0,0,46,0.61,,,,,,,,,,,,,
2016,전체,1115,관악구,1408,0.64,19,0.44,1.35,1895,0.57,267.88,95.86,1,41,184,233,727,43,143,424,933,51,0
2016,어린이사고,1115,관악구,42,0.37,4,5.63,9.52,63,0.44,,,,,,,,,,,,,
2016,노인사고,1115,관악구,171,0.48,5,0.29,2.92,170,0.44,,,,,,,,,,,,,
2016,보행자사고,1115,관악구,433,0.88,13,0.76,3,437,0.88,,,,,,,,,,,,,
2016,자전거사고,1115,관악구,39,0.66,0,0,0,39,0.62,,,,,,,,,,,,,
2016,야간사고,1115,관악구,701,0.74,12,0.56,1.71,976,0.68,,,,,,,,,,,,,
2016,어린이보행사고,1115,관악구,24,0.56,4,11.11,16.67,21,0.48,,,,,,,,,,,,,
2016,스쿨존내어린이사고,1115,관악구,3,0.63,2,25,66.67,1,0.2,,,,,,,,,,,,,
2016,고령운전사고,1115,관악구,160,0.65,1,0.13,0.63,232,0.65,,,,,,,,,,,,,
2016,고령보행사고,1115,관악구,86,0.75,5,0.58,5.81,81,0.76,,,,,,,,,,,,,
2016,뺑소니사고,1115,관악구,18,0.22,0,0,0,24,0.2,,,,,,,,,,,,,
2016,무면허사고,1115,관악구,15,0.38,0,0,0,19,0.33,,,,,,,,,,,,,
2017,전체,1115,관악구,1251,0.58,11,0.26,0.88,1659,0.51,240.15,85.32,1,34,151,176,711,31,118,368,851,32,0
2017,어린이사고,1115,관악구,32,0.29,0,0,0,34,0.25,,,,,,,,,,,,,
2017,노인사고,1115,관악구,184,0.49,7,0.4,3.8,190,0.47,,,,,,,,,,,,,
2017,보행자사고,1115,관악구,368,0.78,10,0.6,2.72,373,0.78,,,,,,,,,,,,,
2017,자전거사고,1115,관악구,36,0.64,0,0,0,39,0.66,,,,,,,,,,,,,
2017,야간사고,1115,관악구,647,0.71,8,0.38,1.24,862,0.63,,,,,,,,,,,,,
2017,어린이보행사고,1115,관악구,20,0.5,0,0,0,21,0.51,,,,,,,,,,,,,
2017,스쿨존내어린이사고,1115,관악구,2,0.42,0,0,0,3,0.62,,,,,,,,,,,,,
2017,고령운전사고,1115,관악구,156,0.58,1,0.12,0.64,211,0.55,,,,,,,,,,,,,
2017,고령보행사고,1115,관악구,97,0.81,7,0.77,7.22,92,0.82,,,,,,,,,,,,,
2017,PM사고,1115,관악구,1,0.85,0,0,0,1,0.81,,,,,,,,,,,,,
2017,뺑소니사고,1115,관악구,19,0.24,0,0,0,25,0.22,,,,,,,,,,,,,
2017,무면허사고,1115,관악구,19,0.37,0,0,0,26,0.35,,,,,,,,,,,,,
2018,전체,1115,관악구,1300,0.6,8,0.21,0.62,1717,0.53,249.98,89.08,1,30,159,159,711,64,139,354,904,42,0
2018,어린이사고,1115,관악구,35,0.35,0,0,0,37,0.29,,,,,,,,,,,,,
2018,노인사고,1115,관악구,182,0.47,3,0.18,1.65,188,0.45,,,,,,,,,,,,,
2018,보행자사고,1115,관악구,358,0.78,7,0.47,1.96,365,0.79,,,,,,,,,,,,,
2018,자전거사고,1115,관악구,25,0.52,1,1.1,4,24,0.48,,,,,,,,,,,,,
2018,야간사고,1115,관악구,638,0.71,7,0.38,1.1,882,0.66,,,,,,,,,,,,,
2018,어린이보행사고,1115,관악구,24,0.67,0,0,0,25,0.68,,,,,,,,,,,,,
2018,스쿨존내어린이사고,1115,관악구,3,0.69,0,0,0,3,0.63,,,,,,,,,,,,,
2018,고령운전사고,1115,관악구,169,0.56,1,0.12,0.59,215,0.49,,,,,,,,,,,,,
2018,고령보행사고,1115,관악구,85,0.72,3,0.36,3.53,82,0.74,,,,,,,,,,,,,
2018,PM사고,1115,관악구,1,0.44,0,0,0,1,0.42,,,,,,,,,,,,,
2018,뺑소니사고,1115,관악구,21,0.28,0,0,0,36,0.32,,,,,,,,,,,,,
2018,무면허사고,1115,관악구,12,0.23,0,0,0,15,0.2,,,,,,,,,,,,,
2019,전체,1115,관악구,1363,0.59,10,0.3,0.73,1755,0.51,266.45,94.28,4,30,165,190,730,86,119,352,964,47,0
2019,어린이사고,1115,관악구,37,0.33,0,0,0,45,0.32,,,,,,,,,,,,,
2019,노인사고,1115,관악구,194,0.48,5,0.33,2.58,202,0.46,,,,,,,,,,,,,
2019,보행자사고,1115,관악구,355,0.76,6,0.46,1.69,359,0.76,,,,,,,,,,,,,
2019,자전거사고,1115,관악구,43,0.76,1,1.27,2.33,46,0.76,,,,,,,,,,,,,
2019,야간사고,1115,관악구,651,0.71,7,0.44,1.08,841,0.62,,,,,,,,,,,,,
2019,어린이보행사고,1115,관악구,14,0.36,0,0,0,15,0.38,,,,,,,,,,,,,
2019,스쿨존내어린이사고,1115,관악구,3,0.53,0,0,0,3,0.51,,,,,,,,,,,,,
2019,고령운전사고,1115,관악구,208,0.63,1,0.13,0.48,259,0.54,,,,,,,,,,,,,
2019,고령보행사고,1115,관악구,96,0.78,4,0.54,4.17,95,0.82,,,,,,,,,,,,,
2019,PM사고,1115,관악구,2,0.45,0,0,0,2,0.42,,,,,,,,,,,,,
2019,뺑소니사고,1115,관악구,23,0.32,1,1.11,4.35,27,0.26,,,,,,,,,,,,,
2019,무면허사고,1115,관악구,21,0.41,0,0,0,32,0.43,,,,,,,,,,,,,
2020,전체,1115,관악구,1444,0.69,13,0.42,0.9,1819,0.59,283.25,99.91,6,37,168,165,786,104,139,329,1087,28,0
2020,어린이사고,1115,관악구,34,0.4,0,0,0,41,0.39,,,,,,,,,,,,,
2020,노인사고,1115,관악구,209,0.59,5,0.37,2.39,215,0.56,,,,,,,,,,,,,
2020,보행자사고,1115,관악구,328,0.9,8,0.73,2.44,330,0.89,,,,,,,,,,,,,
2020,자전거사고,1115,관악구,76,0.59,3,1.52,3.95,74,0.55,,,,,,,,,,,,,
2020,야간사고,1115,관악구,672,0.81,8,0.55,1.19,864,0.71,,,,,,,,,,,,,
2020,어린이보행사고,1115,관악구,13,0.63,0,0,0,14,0.66,,,,,,,,,,,,,
2020,스쿨존내어린이사고,1115,관악구,2,0.41,0,0,0,2,0.39,,,,,,,,,,,,,
2020,고령운전사고,1115,관악구,231,0.74,0,0,0,279,0.63,,,,,,,,,,,,,
2020,고령보행사고,1115,관악구,86,0.88,5,0.8,5.81,82,0.89,,,,,,,,,,,,,
2020,PM사고,1115,관악구,21,2.34,0,0,0,25,2.54,,,,,,,,,,,,,
2020,뺑소니사고,1115,관악구,28,0.38,0,0,0,34,0.33,,,,,,,,,,,,,
2020,무면허사고,1115,관악구,31,0.58,0,0,0,41,0.54,,,,,,,,,,,,,
2016,전체,1116,강남구,3828,1.73,12,0.28,0.31,5445,1.64,669.07,147.33,5,111,384,441,2422,154,210,876,2883,69,0
2016,어린이사고,1116,강남구,92,0.82,0,0,0,111,0.78,,,,,,,,,,,,,
2016,노인사고,1116,강남구,303,0.85,1,0.06,0.33,328,0.85,,,,,,,,,,,,,
2016,보행자사고,1116,강남구,883,1.79,3,0.18,0.34,931,1.87,,,,,,,,,,,,,
2016,자전거사고,1116,강남구,74,1.25,0,0,0,85,1.35,,,,,,,,,,,,,
2016,야간사고,1116,강남구,1880,1.98,8,0.37,0.43,2822,1.98,,,,,,,,,,,,,
2016,어린이보행사고,1116,강남구,36,0.84,0,0,0,40,0.91,,,,,,,,,,,,,
2016,스쿨존내어린이사고,1116,강남구,6,1.25,0,0,0,6,1.18,,,,,,,,,,,,,
2016,고령운전사고,1116,강남구,378,1.55,0,0,0,509,1.43,,,,,,,,,,,,,
2016,고령보행사고,1116,강남구,101,0.88,0,0,0,104,0.97,,,,,,,,,,,,,
2016,뺑소니사고,1116,강남구,101,1.21,0,0,0,166,1.35,,,,,,,,,,,,,
2016,무면허사고,1116,강남구,51,1.28,1,0.68,1.96,73,1.26,,,,,,,,,,,,,
2017,전체,1116,강남구,3469,1.6,19,0.45,0.55,4959,1.54,618.3,136.03,11,90,312,457,2146,107,249,810,2590,69,0
2017,어린이사고,1116,강남구,103,0.94,0,0,0,123,0.92,,,,,,,,,,,,,
2017,노인사고,1116,강남구,324,0.86,4,0.23,1.23,347,0.86,,,,,,,,,,,,,
2017,보행자사고,1116,강남구,820,1.73,7,0.42,0.85,858,1.8,,,,,,,,,,,,,
2017,자전거사고,1116,강남구,63,1.11,0,0,0,68,1.15,,,,,,,,,,,,,
2017,야간사고,1116,강남구,1662,1.83,14,0.66,0.84,2445,1.8,,,,,,,,,,,,,
2017,어린이보행사고,1116,강남구,40,1,0,0,0,41,1,,,,,,,,,,,,,
2017,스쿨존내어린이사고,1116,강남구,9,1.88,0,0,0,9,1.85,,,,,,,,,,,,,
2017,고령운전사고,1116,강남구,408,1.53,1,0.12,0.25,573,1.48,,,,,,,,,,,,,
2017,고령보행사고,1116,강남구,102,0.85,3,0.33,2.94,104,0.93,,,,,,,,,,,,,
2017,PM사고,1116,강남구,1,0.85,0,0,0,1,0.81,,,,,,,,,,,,,
2017,뺑소니사고,1116,강남구,69,0.88,1,0.67,1.45,120,1.05,,,,,,,,,,,,,
2017,무면허사고,1116,강남구,57,1.11,0,0,0,90,1.2,,,,,,,,,,,,,
2018,전체,1116,강남구,3459,1.59,20,0.53,0.58,4967,1.54,631.84,137.2,4,88,300,491,2094,133,248,749,2639,71,0
2018,어린이사고,1116,강남구,86,0.86,1,2.94,1.16,118,0.94,,,,,,,,,,,,,
2018,노인사고,1116,강남구,351,0.91,7,0.42,1.99,372,0.89,,,,,,,,,,,,,
2018,보행자사고,1116,강남구,761,1.66,9,0.61,1.18,782,1.69,,,,,,,,,,,,,
2018,자전거사고,1116,강남구,59,1.24,1,1.1,1.69,68,1.35,,,,,,,,,,,,,
2018,야간사고,1116,강남구,1679,1.86,12,0.64,0.71,2509,1.88,,,,,,,,,,,,,
2018,어린이보행사고,1116,강남구,31,0.87,0,0,0,33,0.89,,,,,,,,,,,,,
2018,스쿨존내어린이사고,1116,강남구,5,1.15,0,0,0,5,1.06,,,,,,,,,,,,,
2018,고령운전사고,1116,강남구,504,1.68,5,0.59,0.99,742,1.71,,,,,,,,,,,,,
2018,고령보행사고,1116,강남구,98,0.83,5,0.59,5.1,94,0.85,,,,,,,,,,,,,
2018,PM사고,1116,강남구,3,1.33,0,0,0,3,1.26,,,,,,,,,,,,,
2018,뺑소니사고,1116,강남구,75,0.99,1,0.93,1.33,130,1.17,,,,,,,,,,,,,
2018,무면허사고,1116,강남구,54,1.04,0,0,0,82,1.08,,,,,,,,,,,,,
2019,전체,1116,강남구,3722,1.62,14,0.42,0.38,5182,1.52,675.81,147.41,13,76,330,515,2150,154,359,825,2832,65,0
2019,어린이사고,1116,강남구,107,0.97,0,0,0,126,0.89,,,,,,,,,,,,,
2019,노인사고,1116,강남구,352,0.87,6,0.39,1.7,366,0.82,,,,,,,,,,,,,
2019,보행자사고,1116,강남구,839,1.8,8,0.61,0.95,863,1.83,,,,,,,,,,,,,
2019,자전거사고,1116,강남구,60,1.07,0,0,0,70,1.16,,,,,,,,,,,,,
2019,야간사고,1116,강남구,1688,1.85,10,0.63,0.59,2421,1.8,,,,,,,,,,,,,
2019,어린이보행사고,1116,강남구,44,1.14,0,0,0,44,1.12,,,,,,,,,,,,,
2019,스쿨존내어린이사고,1116,강남구,6,1.06,0,0,0,6,1.02,,,,,,,,,,,,,
2019,고령운전사고,1116,강남구,457,1.37,2,0.26,0.44,613,1.27,,,,,,,,,,,,,
2019,고령보행사고,1116,강남구,91,0.74,5,0.67,5.49,87,0.75,,,,,,,,,,,,,
2019,PM사고,1116,강남구,36,8.05,0,0,0,38,8.03,,,,,,,,,,,,,
2019,뺑소니사고,1116,강남구,65,0.91,0,0,0,107,1.04,,,,,,,,,,,,,
2019,무면허사고,1116,강남구,66,1.27,0,0,0,87,1.17,,,,,,,,,,,,,
2020,전체,1116,강남구,3752,1.79,17,0.55,0.45,5189,1.69,689.64,147.46,9,65,322,558,2110,159,416,721,2964,67,0
2020,어린이사고,1116,강남구,76,0.9,0,0,0,94,0.9,,,,,,,,,,,,,
2020,노인사고,1116,강남구,359,1.02,4,0.3,1.11,384,1.01,,,,,,,,,,,,,
2020,보행자사고,1116,강남구,718,1.96,8,0.73,1.11,733,1.98,,,,,,,,,,,,,
2020,자전거사고,1116,강남구,139,1.08,0,0,0,159,1.19,,,,,,,,,,,,,
2020,야간사고,1116,강남구,1727,2.07,13,0.89,0.75,2492,2.04,,,,,,,,,,,,,
2020,어린이보행사고,1116,강남구,19,0.91,0,0,0,20,0.94,,,,,,,,,,,,,
2020,스쿨존내어린이사고,1116,강남구,6,1.24,0,0,0,8,1.58,,,,,,,,,,,,,
2020,고령운전사고,1116,강남구,510,1.64,2,0.28,0.39,716,1.62,,,,,,,,,,,,,
2020,고령보행사고,1116,강남구,77,0.79,2,0.32,2.6,75,0.81,,,,,,,,,,,,,
2020,PM사고,1116,강남구,94,10.48,0,0,0,104,10.56,,,,,,,,,,,,,
2020,뺑소니사고,1116,강남구,96,1.29,1,1.03,1.04,144,1.38,,,,,,,,,,,,,
2020,무면허사고,1116,강남구,71,1.34,2,1.18,2.82,80,1.05,,,,,,,,,,,,,
2016,전체,1117,강동구,1426,0.65,17,0.4,1.19,1957,0.59,317.97,93.26,1,46,147,132,894,43,100,426,959,41,0
2016,어린이사고,1117,강동구,78,0.69,0,0,0,92,0.65,,,,,,,,,,,,,
2016,노인사고,1117,강동구,217,0.61,6,0.35,2.76,224,0.58,,,,,,,,,,,,,
2016,보행자사고,1117,강동구,435,0.88,12,0.7,2.76,440,0.88,,,,,,,,,,,,,
2016,자전거사고,1117,강동구,91,1.53,0,0,0,99,1.57,,,,,,,,,,,,,
2016,야간사고,1117,강동구,645,0.68,11,0.51,1.71,921,0.65,,,,,,,,,,,,,
2016,어린이보행사고,1117,강동구,41,0.96,0,0,0,42,0.95,,,,,,,,,,,,,
2016,스쿨존내어린이사고,1117,강동구,7,1.46,0,0,0,8,1.57,,,,,,,,,,,,,
2016,고령운전사고,1117,강동구,160,0.65,5,0.66,3.13,223,0.62,,,,,,,,,,,,,
2016,고령보행사고,1117,강동구,78,0.68,5,0.58,6.41,74,0.69,,,,,,,,,,,,,
2016,뺑소니사고,1117,강동구,36,0.43,2,1.32,5.56,50,0.41,,,,,,,,,,,,,
2016,무면허사고,1117,강동구,13,0.33,1,0.68,7.69,15,0.26,,,,,,,,,,,,,
2017,전체,1117,강동구,1371,0.63,19,0.45,1.39,1873,0.58,311.34,89.58,3,56,143,139,793,61,107,427,906,38,0
2017,어린이사고,1117,강동구,62,0.57,1,1.85,1.61,71,0.53,,,,,,,,,,,,,
2017,노인사고,1117,강동구,221,0.59,11,0.62,4.98,219,0.54,,,,,,,,,,,,,
2017,보행자사고,1117,강동구,430,0.91,10,0.6,2.33,436,0.91,,,,,,,,,,,,,
2017,자전거사고,1117,강동구,80,1.41,5,3.97,6.25,82,1.38,,,,,,,,,,,,,
2017,야간사고,1117,강동구,595,0.66,10,0.47,1.68,814,0.6,,,,,,,,,,,,,
2017,어린이보행사고,1117,강동구,30,0.75,1,2.86,3.33,29,0.71,,,,,,,,,,,,,
2017,스쿨존내어린이사고,1117,강동구,8,1.67,1,12.5,12.5,7,1.44,,,,,,,,,,,,,
2017,고령운전사고,1117,강동구,174,0.65,5,0.59,2.87,221,0.57,,,,,,,,,,,,,
2017,고령보행사고,1117,강동구,97,0.81,6,0.66,6.19,93,0.83,,,,,,,,,,,,,
2017,PM사고,1117,강동구,1,0.85,0,0,0,1,0.81,,,,,,,,,,,,,
2017,뺑소니사고,1117,강동구,16,0.2,0,0,0,19,0.17,,,,,,,,,,,,,
2017,무면허사고,1117,강동구,12,0.23,0,0,0,12,0.16,,,,,,,,,,,,,
2018,전체,1117,강동구,1418,0.65,12,0.32,0.85,1922,0.59,328.3,93.46,2,35,151,152,837,74,99,394,978,46,0
2018,어린이사고,1117,강동구,58,0.58,0,0,0,64,0.51,,,,,,,,,,,,,
2018,노인사고,1117,강동구,242,0.63,4,0.24,1.65,259,0.62,,,,,,,,,,,,,
2018,보행자사고,1117,강동구,400,0.87,8,0.54,2,408,0.88,,,,,,,,,,,,,
2018,자전거사고,1117,강동구,66,1.38,0,0,0,70,1.39,,,,,,,,,,,,,
2018,야간사고,1117,강동구,620,0.69,6,0.32,0.97,848,0.63,,,,,,,,,,,,,
2018,어린이보행사고,1117,강동구,24,0.67,0,0,0,24,0.65,,,,,,,,,,,,,
2018,스쿨존내어린이사고,1117,강동구,1,0.23,0,0,0,1,0.21,,,,,,,,,,,,,
2018,고령운전사고,1117,강동구,227,0.76,3,0.36,1.32,290,0.67,,,,,,,,,,,,,
2018,고령보행사고,1117,강동구,95,0.8,3,0.36,3.16,92,0.83,,,,,,,,,,,,,
2018,PM사고,1117,강동구,2,0.89,0,0,0,2,0.84,,,,,,,,,,,,,
2018,뺑소니사고,1117,강동구,37,0.49,0,0,0,56,0.5,,,,,,,,,,,,,
2018,무면허사고,1117,강동구,22,0.42,0,0,0,30,0.4,,,,,,,,,,,,,
2019,전체,1117,강동구,1414,0.62,11,0.33,0.78,1910,0.56,321.9,90.52,4,33,164,148,813,50,122,437,944,33,0
2019,어린이사고,1117,강동구,69,0.62,0,0,0,87,0.62,,,,,,,,,,,,,
2019,노인사고,1117,강동구,286,0.7,5,0.33,1.75,293,0.66,,,,,,,,,,,,,
2019,보행자사고,1117,강동구,439,0.94,7,0.54,1.59,452,0.96,,,,,,,,,,,,,
2019,자전거사고,1117,강동구,70,1.24,0,0,0,78,1.3,,,,,,,,,,,,,
2019,야간사고,1117,강동구,597,0.66,7,0.44,1.17,818,0.61,,,,,,,,,,,,,
2019,어린이보행사고,1117,강동구,33,0.86,0,0,0,35,0.89,,,,,,,,,,,,,
2019,스쿨존내어린이사고,1117,강동구,4,0.71,0,0,0,4,0.68,,,,,,,,,,,,,
2019,고령운전사고,1117,강동구,201,0.6,2,0.26,1,272,0.56,,,,,,,,,,,,,
2019,고령보행사고,1117,강동구,125,1.02,5,0.67,4,120,1.03,,,,,,,,,,,,,
2019,PM사고,1117,강동구,2,0.45,0,0,0,2,0.42,,,,,,,,,,,,,
2019,뺑소니사고,1117,강동구,29,0.41,0,0,0,45,0.44,,,,,,,,,,,,,
2019,무면허사고,1117,강동구,23,0.44,1,0.61,4.35,35,0.47,,,,,,,,,,,,,
2020,전체,1117,강동구,1268,0.6,7,0.23,0.55,1600,0.52,273.28,75.91,3,30,123,160,752,47,96,342,890,36,0
2020,어린이사고,1117,강동구,40,0.48,0,0,0,42,0.4,,,,,,,,,,,,,
2020,노인사고,1117,강동구,196,0.56,3,0.22,1.53,203,0.53,,,,,,,,,,,,,
2020,보행자사고,1117,강동구,346,0.95,1,0.09,0.29,352,0.95,,,,,,,,,,,,,
2020,자전거사고,1117,강동구,160,1.24,3,1.52,1.88,165,1.23,,,,,,,,,,,,,
2020,야간사고,1117,강동구,514,0.62,3,0.21,0.58,645,0.53,,,,,,,,,,,,,
2020,어린이보행사고,1117,강동구,17,0.82,0,0,0,17,0.8,,,,,,,,,,,,,
2020,스쿨존내어린이사고,1117,강동구,7,1.45,0,0,0,7,1.38,,,,,,,,,,,,,
2020,고령운전사고,1117,강동구,201,0.65,3,0.42,1.49,261,0.59,,,,,,,,,,,,,
2020,고령보행사고,1117,강동구,92,0.94,0,0,0,93,1.01,,,,,,,,,,,,,
2020,PM사고,1117,강동구,10,1.11,0,0,0,11,1.12,,,,,,,,,,,,,
2020,뺑소니사고,1117,강동구,29,0.39,0,0,0,47,0.45,,,,,,,,,,,,,
2020,무면허사고,1117,강동구,23,0.43,1,0.59,4.35,33,0.43,,,,,,,,,,,,,
2016,전체,1118,송파구,2598,1.18,14,0.33,0.54,3646,1.1,390.71,107.65,4,71,358,298,1508,90,199,612,1895,91,0
2016,어린이사고,1118,송파구,134,1.19,0,0,0,160,1.13,,,,,,,,,,,,,
2016,노인사고,1118,송파구,274,0.77,3,0.17,1.09,291,0.76,,,,,,,,,,,,,
2016,보행자사고,1118,송파구,621,1.26,8,0.47,1.29,640,1.29,,,,,,,,,,,,,
2016,자전거사고,1118,송파구,206,3.47,0,0,0,238,3.78,,,,,,,,,,,,,
2016,야간사고,1118,송파구,1209,1.27,6,0.28,0.5,1746,1.22,,,,,,,,,,,,,
2016,어린이보행사고,1118,송파구,57,1.33,0,0,0,60,1.36,,,,,,,,,,,,,
2016,스쿨존내어린이사고,1118,송파구,4,0.83,0,0,0,6,1.18,,,,,,,,,,,,,
2016,고령운전사고,1118,송파구,276,1.13,2,0.26,0.72,407,1.14,,,,,,,,,,,,,
2016,고령보행사고,1118,송파구,87,0.76,2,0.23,2.3,90,0.84,,,,,,,,,,,,,
2016,뺑소니사고,1118,송파구,47,0.56,1,0.66,2.13,65,0.53,,,,,,,,,,,,,
2016,무면허사고,1118,송파구,19,0.48,0,0,0,32,0.55,,,,,,,,,,,,,
2017,전체,1118,송파구,2758,1.27,23,0.55,0.83,3805,1.18,410.92,109.87,7,87,366,377,1541,98,213,621,2061,76,0
2017,어린이사고,1118,송파구,131,1.2,0,0,0,154,1.15,,,,,,,,,,,,,
2017,노인사고,1118,송파구,321,0.85,8,0.45,2.49,331,0.82,,,,,,,,,,,,,
2017,보행자사고,1118,송파구,628,1.33,14,0.84,2.23,637,1.34,,,,,,,,,,,,,
2017,자전거사고,1118,송파구,214,3.78,1,0.79,0.47,241,4.06,,,,,,,,,,,,,
2017,야간사고,1118,송파구,1233,1.36,15,0.71,1.22,1772,1.3,,,,,,,,,,,,,
2017,어린이보행사고,1118,송파구,46,1.14,0,0,0,46,1.12,,,,,,,,,,,,,
2017,스쿨존내어린이사고,1118,송파구,3,0.63,0,0,0,3,0.62,,,,,,,,,,,,,
2017,고령운전사고,1118,송파구,362,1.36,5,0.59,1.38,483,1.25,,,,,,,,,,,,,
2017,고령보행사고,1118,송파구,106,0.89,4,0.44,3.77,102,0.91,,,,,,,,,,,,,
2017,PM사고,1118,송파구,3,2.56,0,0,0,3,2.42,,,,,,,,,,,,,
2017,뺑소니사고,1118,송파구,34,0.43,3,2,8.82,60,0.52,,,,,,,,,,,,,
2017,무면허사고,1118,송파구,33,0.64,0,0,0,70,0.94,,,,,,,,,,,,,
2018,전체,1118,송파구,2860,1.32,27,0.71,0.94,3932,1.22,424.64,111.86,4,63,331,370,1656,103,256,649,2106,105,0
2018,어린이사고,1118,송파구,110,1.1,0,0,0,126,1,,,,,,,,,,,,,
2018,노인사고,1118,송파구,373,0.97,7,0.42,1.88,396,0.95,,,,,,,,,,,,,
2018,보행자사고,1118,송파구,653,1.42,15,1.01,2.3,662,1.43,,,,,,,,,,,,,
2018,자전거사고,1118,송파구,178,3.73,0,0,0,196,3.89,,,,,,,,,,,,,
2018,야간사고,1118,송파구,1280,1.42,11,0.59,0.86,1775,1.33,,,,,,,,,,,,,
2018,어린이보행사고,1118,송파구,40,1.12,0,0,0,41,1.11,,,,,,,,,,,,,
2018,스쿨존내어린이사고,1118,송파구,1,0.23,0,0,0,1,0.21,,,,,,,,,,,,,
2018,고령운전사고,1118,송파구,384,1.28,8,0.95,2.08,531,1.22,,,,,,,,,,,,,
2018,고령보행사고,1118,송파구,128,1.08,6,0.71,4.69,126,1.13,,,,,,,,,,,,,
2018,뺑소니사고,1118,송파구,36,0.47,1,0.93,2.78,53,0.48,,,,,,,,,,,,,
2018,무면허사고,1118,송파구,34,0.65,0,0,0,60,0.79,,,,,,,,,,,,,
2019,전체,1118,송파구,2892,1.26,13,0.39,0.45,4003,1.17,424.42,110.42,4,85,390,419,1620,87,203,592,2210,90,0
2019,어린이사고,1118,송파구,136,1.23,0,0,0,159,1.13,,,,,,,,,,,,,
2019,노인사고,1118,송파구,395,0.97,2,0.13,0.51,422,0.95,,,,,,,,,,,,,
2019,보행자사고,1118,송파구,594,1.27,5,0.38,0.84,609,1.29,,,,,,,,,,,,,
2019,자전거사고,1118,송파구,218,3.87,0,0,0,245,4.07,,,,,,,,,,,,,
2019,야간사고,1118,송파구,1257,1.38,8,0.5,0.64,1724,1.28,,,,,,,,,,,,,
2019,어린이보행사고,1118,송파구,54,1.4,0,0,0,56,1.42,,,,,,,,,,,,,
2019,스쿨존내어린이사고,1118,송파구,4,0.71,0,0,0,5,0.85,,,,,,,,,,,,,
2019,고령운전사고,1118,송파구,428,1.29,3,0.39,0.7,577,1.2,,,,,,,,,,,,,
2019,고령보행사고,1118,송파구,117,0.96,1,0.13,0.85,116,1,,,,,,,,,,,,,
2019,PM사고,1118,송파구,7,1.57,0,0,0,8,1.69,,,,,,,,,,,,,
2019,뺑소니사고,1118,송파구,30,0.42,0,0,0,47,0.46,,,,,,,,,,,,,
2019,무면허사고,1118,송파구,41,0.79,1,0.61,2.44,61,0.82,,,,,,,,,,,,,
2020,전체,1118,송파구,2595,1.24,11,0.36,0.42,3509,1.15,385.06,97.32,7,70,328,369,1474,87,203,478,2064,53,0
2020,어린이사고,1118,송파구,88,1.05,0,0,0,101,0.96,,,,,,,,,,,,,
2020,노인사고,1118,송파구,336,0.95,5,0.37,1.49,349,0.91,,,,,,,,,,,,,
2020,보행자사고,1118,송파구,479,1.31,4,0.37,0.84,488,1.32,,,,,,,,,,,,,
2020,자전거사고,1118,송파구,362,2.81,2,1.02,0.55,400,2.98,,,,,,,,,,,,,
2020,야간사고,1118,송파구,1086,1.3,8,0.55,0.74,1518,1.24,,,,,,,,,,,,,
2020,어린이보행사고,1118,송파구,24,1.15,0,0,0,24,1.12,,,,,,,,,,,,,
2020,스쿨존내어린이사고,1118,송파구,1,0.21,0,0,0,1,0.2,,,,,,,,,,,,,
2020,고령운전사고,1118,송파구,379,1.22,0,0,0,510,1.15,,,,,,,,,,,,,
2020,고령보행사고,1118,송파구,92,0.94,3,0.48,3.26,89,0.96,,,,,,,,,,,,,
2020,PM사고,1118,송파구,32,3.57,0,0,0,35,3.55,,,,,,,,,,,,,
2020,뺑소니사고,1118,송파구,32,0.43,0,0,0,54,0.52,,,,,,,,,,,,,
2020,무면허사고,1118,송파구,31,0.58,1,0.59,3.23,39,0.51,,,,,,,,,,,,,
2016,전체,1119,서초구,2313,1.05,16,0.37,0.69,3473,1.05,512.32,118.98,5,59,188,376,1272,65,271,461,1774,78,0
2016,어린이사고,1119,서초구,71,0.63,1,1.41,1.41,85,0.6,,,,,,,,,,,,,
2016,노인사고,1119,서초구,248,0.69,4,0.23,1.61,269,0.7,,,,,,,,,,,,,
2016,보행자사고,1119,서초구,464,0.94,9,0.53,1.94,468,0.94,,,,,,,,,,,,,
2016,자전거사고,1119,서초구,48,0.81,0,0,0,49,0.78,,,,,,,,,,,,,
2016,야간사고,1119,서초구,997,1.05,12,0.56,1.2,1524,1.07,,,,,,,,,,,,,
2016,어린이보행사고,1119,서초구,17,0.4,1,2.78,5.88,16,0.36,,,,,,,,,,,,,
2016,스쿨존내어린이사고,1119,서초구,2,0.42,0,0,0,2,0.39,,,,,,,,,,,,,
2016,고령운전사고,1119,서초구,253,1.04,3,0.4,1.19,371,1.04,,,,,,,,,,,,,
2016,고령보행사고,1119,서초구,75,0.66,3,0.35,4,74,0.69,,,,,,,,,,,,,
2016,뺑소니사고,1119,서초구,61,0.73,1,0.66,1.64,87,0.71,,,,,,,,,,,,,
2016,무면허사고,1119,서초구,26,0.65,1,0.68,3.85,55,0.95,,,,,,,,,,,,,
2017,전체,1119,서초구,2361,1.09,21,0.5,0.89,3548,1.1,530.08,120.69,7,53,196,310,1398,43,254,556,1751,54,0
2017,어린이사고,1119,서초구,93,0.85,0,0,0,112,0.83,,,,,,,,,,,,,
2017,노인사고,1119,서초구,237,0.63,9,0.51,3.8,258,0.64,,,,,,,,,,,,,
2017,보행자사고,1119,서초구,562,1.19,13,0.78,2.31,561,1.18,,,,,,,,,,,,,
2017,자전거사고,1119,서초구,30,0.53,0,0,0,31,0.52,,,,,,,,,,,,,
2017,야간사고,1119,서초구,1042,1.15,11,0.52,1.06,1599,1.18,,,,,,,,,,,,,
2017,어린이보행사고,1119,서초구,34,0.85,0,0,0,34,0.83,,,,,,,,,,,,,
2017,스쿨존내어린이사고,1119,서초구,1,0.21,0,0,0,1,0.21,,,,,,,,,,,,,
2017,고령운전사고,1119,서초구,283,1.06,4,0.47,1.41,419,1.08,,,,,,,,,,,,,
2017,고령보행사고,1119,서초구,94,0.78,7,0.77,7.45,89,0.79,,,,,,,,,,,,,
2017,PM사고,1119,서초구,3,2.56,0,0,0,3,2.42,,,,,,,,,,,,,
2017,뺑소니사고,1119,서초구,61,0.77,1,0.67,1.64,95,0.83,,,,,,,,,,,,,
2017,무면허사고,1119,서초구,34,0.66,0,0,0,54,0.72,,,,,,,,,,,,,
2018,전체,1119,서초구,2478,1.14,18,0.48,0.73,3640,1.13,565.54,126.87,12,68,208,335,1388,71,311,524,1905,49,0
2018,어린이사고,1119,서초구,77,0.77,0,0,0,95,0.76,,,,,,,,,,,,,
2018,노인사고,1119,서초구,290,0.75,4,0.24,1.38,311,0.74,,,,,,,,,,,,,
2018,보행자사고,1119,서초구,531,1.16,9,0.61,1.69,537,1.16,,,,,,,,,,,,,
2018,자전거사고,1119,서초구,36,0.75,0,0,0,38,0.75,,,,,,,,,,,,,
2018,야간사고,1119,서초구,1078,1.2,13,0.7,1.21,1601,1.2,,,,,,,,,,,,,
2018,어린이보행사고,1119,서초구,25,0.7,0,0,0,26,0.7,,,,,,,,,,,,,
2018,스쿨존내어린이사고,1119,서초구,6,1.38,0,0,0,6,1.27,,,,,,,,,,,,,
2018,고령운전사고,1119,서초구,363,1.21,3,0.36,0.83,526,1.21,,,,,,,,,,,,,
2018,고령보행사고,1119,서초구,77,0.65,3,0.36,3.9,75,0.67,,,,,,,,,,,,,
2018,PM사고,1119,서초구,1,0.44,0,0,0,1,0.42,,,,,,,,,,,,,
2018,뺑소니사고,1119,서초구,73,0.96,0,0,0,105,0.95,,,,,,,,,,,,,
2018,무면허사고,1119,서초구,43,0.83,0,0,0,58,0.77,,,,,,,,,,,,,
2019,전체,1119,서초구,2418,1.05,14,0.42,0.58,3530,1.03,555.67,124.9,11,56,238,429,1329,66,216,461,1892,65,0
2019,어린이사고,1119,서초구,69,0.62,0,0,0,89,0.63,,,,,,,,,,,,,
2019,노인사고,1119,서초구,284,0.7,5,0.33,1.76,308,0.69,,,,,,,,,,,,,
2019,보행자사고,1119,서초구,466,1,10,0.77,2.15,469,0.99,,,,,,,,,,,,,
2019,자전거사고,1119,서초구,46,0.82,0,0,0,50,0.83,,,,,,,,,,,,,
2019,야간사고,1119,서초구,983,1.08,9,0.56,0.92,1463,1.09,,,,,,,,,,,,,
2019,어린이보행사고,1119,서초구,21,0.54,0,0,0,21,0.53,,,,,,,,,,,,,
2019,스쿨존내어린이사고,1119,서초구,3,0.53,0,0,0,3,0.51,,,,,,,,,,,,,
2019,고령운전사고,1119,서초구,368,1.11,2,0.26,0.54,528,1.09,,,,,,,,,,,,,
2019,고령보행사고,1119,서초구,68,0.56,5,0.67,7.35,63,0.54,,,,,,,,,,,,,
2019,PM사고,1119,서초구,16,3.58,0,0,0,18,3.81,,,,,,,,,,,,,
2019,뺑소니사고,1119,서초구,58,0.81,1,1.11,1.72,124,1.21,,,,,,,,,,,,,
2019,무면허사고,1119,서초구,28,0.54,1,0.61,3.57,40,0.54,,,,,,,,,,,,,
2020,전체,1119,서초구,2250,1.07,9,0.29,0.4,3075,1,524.44,116.24,8,36,184,446,1225,84,213,393,1813,44,0
2020,어린이사고,1119,서초구,43,0.51,0,0,0,50,0.48,,,,,,,,,,,,,
2020,노인사고,1119,서초구,247,0.7,3,0.22,1.21,266,0.7,,,,,,,,,,,,,
2020,보행자사고,1119,서초구,393,1.07,5,0.46,1.27,403,1.09,,,,,,,,,,,,,
2020,자전거사고,1119,서초구,100,0.78,1,0.51,1,104,0.78,,,,,,,,,,,,,
2020,야간사고,1119,서초구,903,1.08,4,0.27,0.44,1234,1.01,,,,,,,,,,,,,
2020,어린이보행사고,1119,서초구,9,0.43,0,0,0,9,0.42,,,,,,,,,,,,,
2020,스쿨존내어린이사고,1119,서초구,3,0.62,0,0,0,3,0.59,,,,,,,,,,,,,
2020,고령운전사고,1119,서초구,330,1.06,2,0.28,0.61,466,1.05,,,,,,,,,,,,,
2020,고령보행사고,1119,서초구,61,0.63,3,0.48,4.92,58,0.63,,,,,,,,,,,,,
2020,PM사고,1119,서초구,31,3.46,0,0,0,32,3.25,,,,,,,,,,,,,
2020,뺑소니사고,1119,서초구,66,0.89,0,0,0,99,0.95,,,,,,,,,,,,,
2020,무면허사고,1119,서초구,25,0.47,0,0,0,39,0.51,,,,,,,,,,,,,
2016,전체,1120,양천구,1493,0.68,12,0.28,0.8,2056,0.62,309.85,88.95,9,45,176,192,902,38,77,406,1045,42,0
2016,어린이사고,1120,양천구,74,0.66,0,0,0,86,0.6,,,,,,,,,,,,,
2016,노인사고,1120,양천구,191,0.53,6,0.35,3.14,189,0.49,,,,,,,,,,,,,
2016,보행자사고,1120,양천구,409,0.83,6,0.35,1.47,413,0.83,,,,,,,,,,,,,
2016,자전거사고,1120,양천구,104,1.75,2,1.77,1.92,109,1.73,,,,,,,,,,,,,
2016,야간사고,1120,양천구,700,0.74,5,0.23,0.71,1065,0.75,,,,,,,,,,,,,
2016,어린이보행사고,1120,양천구,27,0.63,0,0,0,27,0.61,,,,,,,,,,,,,
2016,스쿨존내어린이사고,1120,양천구,4,0.83,0,0,0,4,0.78,,,,,,,,,,,,,
2016,고령운전사고,1120,양천구,154,0.63,2,0.26,1.3,210,0.59,,,,,,,,,,,,,
2016,고령보행사고,1120,양천구,90,0.79,4,0.46,4.44,87,0.81,,,,,,,,,,,,,
2016,뺑소니사고,1120,양천구,27,0.32,0,0,0,42,0.34,,,,,,,,,,,,,
2016,무면허사고,1120,양천구,20,0.5,1,0.68,5,24,0.41,,,,,,,,,,,,,
2017,전체,1120,양천구,1343,0.62,13,0.31,0.97,1789,0.55,282.73,79.26,3,34,137,142,849,29,91,370,936,37,0
2017,어린이사고,1120,양천구,84,0.77,0,0,0,96,0.71,,,,,,,,,,,,,
2017,노인사고,1120,양천구,177,0.47,5,0.28,2.82,177,0.44,,,,,,,,,,,,,
2017,보행자사고,1120,양천구,373,0.79,8,0.48,2.14,378,0.79,,,,,,,,,,,,,
2017,자전거사고,1120,양천구,76,1.34,0,0,0,78,1.31,,,,,,,,,,,,,
2017,야간사고,1120,양천구,559,0.62,5,0.24,0.89,757,0.56,,,,,,,,,,,,,
2017,어린이보행사고,1120,양천구,39,0.97,0,0,0,40,0.98,,,,,,,,,,,,,
2017,스쿨존내어린이사고,1120,양천구,5,1.04,0,0,0,5,1.03,,,,,,,,,,,,,
2017,고령운전사고,1120,양천구,150,0.56,2,0.24,1.33,212,0.55,,,,,,,,,,,,,
2017,고령보행사고,1120,양천구,85,0.71,3,0.33,3.53,83,0.74,,,,,,,,,,,,,
2017,PM사고,1120,양천구,1,0.85,0,0,0,1,0.81,,,,,,,,,,,,,
2017,뺑소니사고,1120,양천구,11,0.14,0,0,0,24,0.21,,,,,,,,,,,,,
2017,무면허사고,1120,양천구,18,0.35,0,0,0,31,0.41,,,,,,,,,,,,,
2018,전체,1120,양천구,1428,0.66,11,0.29,0.77,1939,0.6,305.03,84.43,2,20,161,195,877,32,68,366,1015,47,0
2018,어린이사고,1120,양천구,72,0.72,0,0,0,85,0.68,,,,,,,,,,,,,
2018,노인사고,1120,양천구,209,0.54,3,0.18,1.44,221,0.53,,,,,,,,,,,,,
2018,보행자사고,1120,양천구,375,0.82,5,0.34,1.33,383,0.83,,,,,,,,,,,,,
2018,자전거사고,1120,양천구,46,0.96,0,0,0,54,1.07,,,,,,,,,,,,,
2018,야간사고,1120,양천구,639,0.71,9,0.48,1.41,928,0.69,,,,,,,,,,,,,
2018,어린이보행사고,1120,양천구,35,0.98,0,0,0,36,0.97,,,,,,,,,,,,,
2018,스쿨존내어린이사고,1120,양천구,3,0.69,0,0,0,3,0.63,,,,,,,,,,,,,
2018,고령운전사고,1120,양천구,204,0.68,2,0.24,0.98,265,0.61,,,,,,,,,,,,,
2018,고령보행사고,1120,양천구,80,0.68,3,0.36,3.75,77,0.69,,,,,,,,,,,,,
2018,뺑소니사고,1120,양천구,16,0.21,1,0.93,6.25,26,0.23,,,,,,,,,,,,,
2018,무면허사고,1120,양천구,17,0.33,0,0,0,20,0.26,,,,,,,,,,,,,
2019,전체,1120,양천구,1506,0.66,11,0.33,0.73,2085,0.61,326.56,89.37,2,27,162,237,890,44,77,373,1097,36,0
2019,어린이사고,1120,양천구,81,0.73,2,7.14,2.47,94,0.67,,,,,,,,,,,,,
2019,노인사고,1120,양천구,237,0.58,3,0.2,1.27,247,0.56,,,,,,,,,,,,,
2019,보행자사고,1120,양천구,381,0.82,7,0.54,1.84,386,0.82,,,,,,,,,,,,,
2019,자전거사고,1120,양천구,70,1.24,1,1.27,1.43,70,1.16,,,,,,,,,,,,,
2019,야간사고,1120,양천구,604,0.66,7,0.44,1.16,827,0.61,,,,,,,,,,,,,
2019,어린이보행사고,1120,양천구,41,1.06,2,10,4.88,39,0.99,,,,,,,,,,,,,
2019,스쿨존내어린이사고,1120,양천구,8,1.41,1,16.67,12.5,7,1.19,,,,,,,,,,,,,
2019,고령운전사고,1120,양천구,234,0.7,1,0.13,0.43,332,0.69,,,,,,,,,,,,,
2019,고령보행사고,1120,양천구,94,0.77,2,0.27,2.13,95,0.82,,,,,,,,,,,,,
2019,PM사고,1120,양천구,2,0.45,0,0,0,2,0.42,,,,,,,,,,,,,
2019,뺑소니사고,1120,양천구,20,0.28,0,0,0,38,0.37,,,,,,,,,,,,,
2019,무면허사고,1120,양천구,19,0.37,0,0,0,32,0.43,,,,,,,,,,,,,
2020,전체,1120,양천구,1344,0.64,7,0.23,0.52,1829,0.6,293.59,77.94,3,28,131,244,773,66,57,281,1027,36,0
2020,어린이사고,1120,양천구,47,0.56,1,4.17,2.13,49,0.47,,,,,,,,,,,,,
2020,노인사고,1120,양천구,198,0.56,4,0.3,2.02,205,0.54,,,,,,,,,,,,,
2020,보행자사고,1120,양천구,284,0.78,4,0.37,1.41,291,0.79,,,,,,,,,,,,,
2020,자전거사고,1120,양천구,129,1,1,0.51,0.78,149,1.11,,,,,,,,,,,,,
2020,야간사고,1120,양천구,537,0.64,3,0.21,0.56,772,0.63,,,,,,,,,,,,,
2020,어린이보행사고,1120,양천구,14,0.67,1,6.25,7.14,13,0.61,,,,,,,,,,,,,
2020,스쿨존내어린이사고,1120,양천구,4,0.83,0,0,0,4,0.79,,,,,,,,,,,,,
2020,고령운전사고,1120,양천구,222,0.71,2,0.28,0.9,291,0.66,,,,,,,,,,,,,
2020,고령보행사고,1120,양천구,75,0.77,2,0.32,2.67,73,0.79,,,,,,,,,,,,,
2020,PM사고,1120,양천구,8,0.89,0,0,0,8,0.81,,,,,,,,,,,,,
2020,뺑소니사고,1120,양천구,17,0.23,0,0,0,33,0.32,,,,,,,,,,,,,
2020,무면허사고,1120,양천구,12,0.23,0,0,0,23,0.3,,,,,,,,,,,,,
2016,전체,1121,중랑구,1535,0.69,9,0.21,0.59,2030,0.61,369.28,112.52,5,75,170,200,772,100,162,425,1070,40,0
2016,어린이사고,1121,중랑구,66,0.59,1,1.41,1.52,78,0.55,,,,,,,,,,,,,
2016,노인사고,1121,중랑구,213,0.6,5,0.29,2.35,216,0.56,,,,,,,,,,,,,
2016,보행자사고,1121,중랑구,429,0.87,8,0.47,1.86,445,0.89,,,,,,,,,,,,,
2016,자전거사고,1121,중랑구,104,1.75,0,0,0,115,1.83,,,,,,,,,,,,,
2016,야간사고,1121,중랑구,720,0.76,5,0.23,0.69,1011,0.71,,,,,,,,,,,,,
2016,어린이보행사고,1121,중랑구,28,0.65,1,2.78,3.57,28,0.64,,,,,,,,,,,,,
2016,고령운전사고,1121,중랑구,200,0.82,1,0.13,0.5,279,0.78,,,,,,,,,,,,,
2016,고령보행사고,1121,중랑구,103,0.9,5,0.58,4.85,101,0.94,,,,,,,,,,,,,
2016,뺑소니사고,1121,중랑구,13,0.16,0,0,0,15,0.12,,,,,,,,,,,,,
2016,무면허사고,1121,중랑구,10,0.25,0,0,0,14,0.24,,,,,,,,,,,,,
2017,전체,1121,중랑구,1639,0.76,6,0.14,0.37,2228,0.69,397.06,118.61,5,44,164,230,789,147,203,432,1157,50,0
2017,어린이사고,1121,중랑구,66,0.6,0,0,0,79,0.59,,,,,,,,,,,,,
2017,노인사고,1121,중랑구,250,0.67,2,0.11,0.8,268,0.66,,,,,,,,,,,,,
2017,보행자사고,1121,중랑구,439,0.93,4,0.24,0.91,448,0.94,,,,,,,,,,,,,
2017,자전거사고,1121,중랑구,114,2.01,1,0.79,0.88,127,2.14,,,,,,,,,,,,,
2017,야간사고,1121,중랑구,785,0.86,3,0.14,0.38,1117,0.82,,,,,,,,,,,,,
2017,어린이보행사고,1121,중랑구,33,0.82,0,0,0,33,0.8,,,,,,,,,,,,,
2017,스쿨존내어린이사고,1121,중랑구,1,0.21,0,0,0,1,0.21,,,,,,,,,,,,,
2017,고령운전사고,1121,중랑구,220,0.82,1,0.12,0.45,301,0.78,,,,,,,,,,,,,
2017,고령보행사고,1121,중랑구,107,0.89,1,0.11,0.93,106,0.94,,,,,,,,,,,,,
2017,PM사고,1121,중랑구,3,2.56,0,0,0,4,3.23,,,,,,,,,,,,,
2017,뺑소니사고,1121,중랑구,25,0.32,0,0,0,37,0.32,,,,,,,,,,,,,
2017,무면허사고,1121,중랑구,11,0.21,0,0,0,16,0.21,,,,,,,,,,,,,
2018,전체,1121,중랑구,1565,0.72,10,0.26,0.64,2135,0.66,383.44,113.17,1,64,177,184,780,112,183,432,1075,58,0
2018,어린이사고,1121,중랑구,68,0.68,0,0,0,79,0.63,,,,,,,,,,,,,
2018,노인사고,1121,중랑구,254,0.66,6,0.36,2.36,264,0.63,,,,,,,,,,,,,
2018,보행자사고,1121,중랑구,436,0.95,8,0.54,1.83,444,0.96,,,,,,,,,,,,,
2018,자전거사고,1121,중랑구,78,1.63,1,1.1,1.28,80,1.59,,,,,,,,,,,,,
2018,야간사고,1121,중랑구,715,0.79,6,0.32,0.84,1015,0.76,,,,,,,,,,,,,
2018,어린이보행사고,1121,중랑구,33,0.92,0,0,0,34,0.92,,,,,,,,,,,,,
2018,스쿨존내어린이사고,1121,중랑구,6,1.38,0,0,0,6,1.27,,,,,,,,,,,,,
2018,고령운전사고,1121,중랑구,254,0.85,2,0.24,0.79,357,0.82,,,,,,,,,,,,,
2018,고령보행사고,1121,중랑구,98,0.83,4,0.48,4.08,94,0.85,,,,,,,,,,,,,
2018,PM사고,1121,중랑구,4,1.78,0,0,0,4,1.68,,,,,,,,,,,,,
2018,뺑소니사고,1121,중랑구,29,0.38,0,0,0,49,0.44,,,,,,,,,,,,,
2018,무면허사고,1121,중랑구,15,0.29,0,0,0,17,0.22,,,,,,,,,,,,,
2019,전체,1121,중랑구,1620,0.71,12,0.36,0.74,2122,0.62,405.77,118.21,5,61,189,213,781,129,171,470,1088,62,0
2019,어린이사고,1121,중랑구,65,0.59,0,0,0,82,0.58,,,,,,,,,,,,,
2019,노인사고,1121,중랑구,276,0.68,7,0.46,2.54,295,0.66,,,,,,,,,,,,,
2019,보행자사고,1121,중랑구,474,1.02,7,0.54,1.48,480,1.02,,,,,,,,,,,,,
2019,자전거사고,1121,중랑구,99,1.76,2,2.53,2.02,105,1.74,,,,,,,,,,,,,
2019,야간사고,1121,중랑구,695,0.76,5,0.31,0.72,934,0.69,,,,,,,,,,,,,
2019,어린이보행사고,1121,중랑구,29,0.75,0,0,0,30,0.76,,,,,,,,,,,,,
2019,스쿨존내어린이사고,1121,중랑구,3,0.53,0,0,0,3,0.51,,,,,,,,,,,,,
2019,고령운전사고,1121,중랑구,234,0.7,4,0.52,1.71,310,0.64,,,,,,,,,,,,,
2019,고령보행사고,1121,중랑구,125,1.02,5,0.67,4,121,1.04,,,,,,,,,,,,,
2019,PM사고,1121,중랑구,5,1.12,0,0,0,5,1.06,,,,,,,,,,,,,
2019,뺑소니사고,1121,중랑구,25,0.35,0,0,0,27,0.26,,,,,,,,,,,,,
2019,무면허사고,1121,중랑구,19,0.37,0,0,0,26,0.35,,,,,,,,,,,,,
2020,전체,1121,중랑구,1447,0.69,4,0.13,0.28,1952,0.64,362.15,104.27,2,46,169,187,691,131,179,358,1032,57,0
2020,어린이사고,1121,중랑구,62,0.74,0,0,0,70,0.67,,,,,,,,,,,,,
2020,노인사고,1121,중랑구,242,0.69,3,0.22,1.24,260,0.68,,,,,,,,,,,,,
2020,보행자사고,1121,중랑구,357,0.98,4,0.37,1.12,359,0.97,,,,,,,,,,,,,
2020,자전거사고,1121,중랑구,194,1.51,1,0.51,0.52,213,1.59,,,,,,,,,,,,,
2020,야간사고,1121,중랑구,648,0.78,3,0.21,0.46,936,0.77,,,,,,,,,,,,,
2020,어린이보행사고,1121,중랑구,9,0.43,0,0,0,9,0.42,,,,,,,,,,,,,
2020,스쿨존내어린이사고,1121,중랑구,1,0.21,0,0,0,1,0.2,,,,,,,,,,,,,
2020,고령운전사고,1121,중랑구,219,0.7,2,0.28,0.91,277,0.63,,,,,,,,,,,,,
2020,고령보행사고,1121,중랑구,99,1.02,3,0.48,3.03,97,1.05,,,,,,,,,,,,,
2020,PM사고,1121,중랑구,5,0.56,0,0,0,5,0.51,,,,,,,,,,,,,
2020,뺑소니사고,1121,중랑구,26,0.35,0,0,0,40,0.38,,,,,,,,,,,,,
2020,무면허사고,1121,중랑구,24,0.45,0,0,0,34,0.45,,,,,,,,,,,,,
2016,전체,1122,노원구,1535,0.69,13,0.3,0.85,2216,0.67,268.73,89.78,0,65,199,243,736,104,131,387,1097,51,0
2016,어린이사고,1122,노원구,90,0.8,0,0,0,108,0.76,,,,,,,,,,,,,
2016,노인사고,1122,노원구,228,0.64,5,0.29,2.19,244,0.64,,,,,,,,,,,,,
2016,보행자사고,1122,노원구,394,0.8,6,0.35,1.52,406,0.82,,,,,,,,,,,,,
2016,자전거사고,1122,노원구,91,1.53,0,0,0,94,1.49,,,,,,,,,,,,,
2016,야간사고,1122,노원구,701,0.74,4,0.19,0.57,1032,0.72,,,,,,,,,,,,,
2016,어린이보행사고,1122,노원구,41,0.96,0,0,0,43,0.98,,,,,,,,,,,,,
2016,스쿨존내어린이사고,1122,노원구,2,0.42,0,0,0,4,0.78,,,,,,,,,,,,,
2016,고령운전사고,1122,노원구,178,0.73,2,0.26,1.12,258,0.72,,,,,,,,,,,,,
2016,고령보행사고,1122,노원구,96,0.84,2,0.23,2.08,95,0.89,,,,,,,,,,,,,
2016,뺑소니사고,1122,노원구,32,0.38,0,0,0,60,0.49,,,,,,,,,,,,,
2016,무면허사고,1122,노원구,17,0.43,0,0,0,27,0.47,,,,,,,,,,,,,
2017,전체,1122,노원구,1499,0.69,11,0.26,0.73,2055,0.64,268.6,88.33,1,38,184,210,833,51,116,376,1075,48,0
2017,어린이사고,1122,노원구,76,0.69,0,0,0,90,0.67,,,,,,,,,,,,,
2017,노인사고,1122,노원구,212,0.56,2,0.11,0.94,225,0.55,,,,,,,,,,,,,
2017,보행자사고,1122,노원구,378,0.8,5,0.3,1.32,393,0.82,,,,,,,,,,,,,
2017,자전거사고,1122,노원구,77,1.36,0,0,0,82,1.38,,,,,,,,,,,,,
2017,야간사고,1122,노원구,657,0.72,9,0.43,1.37,926,0.68,,,,,,,,,,,,,
2017,어린이보행사고,1122,노원구,35,0.87,0,0,0,35,0.85,,,,,,,,,,,,,
2017,스쿨존내어린이사고,1122,노원구,2,0.42,0,0,0,2,0.41,,,,,,,,,,,,,
2017,고령운전사고,1122,노원구,207,0.77,2,0.24,0.97,290,0.75,,,,,,,,,,,,,
2017,고령보행사고,1122,노원구,86,0.72,2,0.22,2.33,84,0.75,,,,,,,,,,,,,
2017,PM사고,1122,노원구,1,0.85,0,0,0,1,0.81,,,,,,,,,,,,,
2017,뺑소니사고,1122,노원구,19,0.24,0,0,0,27,0.24,,,,,,,,,,,,,
2017,무면허사고,1122,노원구,19,0.37,0,0,0,26,0.35,,,,,,,,,,,,,
2018,전체,1122,노원구,1569,0.72,14,0.37,0.89,2227,0.69,286.23,93.07,1,55,170,182,933,39,124,383,1138,48,0
2018,어린이사고,1122,노원구,73,0.73,0,0,0,87,0.69,,,,,,,,,,,,,
2018,노인사고,1122,노원구,245,0.63,8,0.48,3.27,248,0.59,,,,,,,,,,,,,
2018,보행자사고,1122,노원구,388,0.84,10,0.67,2.58,392,0.84,,,,,,,,,,,,,
2018,자전거사고,1122,노원구,86,1.8,1,1.1,1.16,88,1.75,,,,,,,,,,,,,
2018,야간사고,1122,노원구,702,0.78,8,0.43,1.14,1041,0.78,,,,,,,,,,,,,
2018,어린이보행사고,1122,노원구,29,0.81,0,0,0,29,0.78,,,,,,,,,,,,,
2018,스쿨존내어린이사고,1122,노원구,2,0.46,0,0,0,2,0.42,,,,,,,,,,,,,
2018,고령운전사고,1122,노원구,256,0.85,4,0.47,1.56,374,0.86,,,,,,,,,,,,,
2018,고령보행사고,1122,노원구,95,0.8,7,0.83,7.37,88,0.79,,,,,,,,,,,,,
2018,PM사고,1122,노원구,1,0.44,0,0,0,1,0.42,,,,,,,,,,,,,
2018,뺑소니사고,1122,노원구,27,0.36,1,0.93,3.7,48,0.43,,,,,,,,,,,,,
2018,무면허사고,1122,노원구,16,0.31,0,0,0,21,0.28,,,,,,,,,,,,,
2019,전체,1122,노원구,1703,0.74,8,0.24,0.47,2302,0.67,318.83,101.99,7,42,225,217,956,48,136,415,1254,34,0
2019,어린이사고,1122,노원구,74,0.67,0,0,0,83,0.59,,,,,,,,,,,,,
2019,노인사고,1122,노원구,297,0.73,2,0.13,0.67,311,0.7,,,,,,,,,,,,,
2019,보행자사고,1122,노원구,415,0.89,6,0.46,1.45,430,0.91,,,,,,,,,,,,,
2019,자전거사고,1122,노원구,119,2.11,0,0,0,126,2.09,,,,,,,,,,,,,
2019,야간사고,1122,노원구,681,0.75,5,0.31,0.73,896,0.67,,,,,,,,,,,,,
2019,어린이보행사고,1122,노원구,28,0.73,0,0,0,28,0.71,,,,,,,,,,,,,
2019,스쿨존내어린이사고,1122,노원구,6,1.06,0,0,0,6,1.02,,,,,,,,,,,,,
2019,고령운전사고,1122,노원구,287,0.86,1,0.13,0.35,373,0.77,,,,,,,,,,,,,
2019,고령보행사고,1122,노원구,112,0.91,2,0.27,1.79,113,0.97,,,,,,,,,,,,,
2019,PM사고,1122,노원구,3,0.67,0,0,0,3,0.63,,,,,,,,,,,,,
2019,뺑소니사고,1122,노원구,49,0.69,0,0,0,62,0.6,,,,,,,,,,,,,
2019,무면허사고,1122,노원구,19,0.37,0,0,0,25,0.34,,,,,,,,,,,,,
2020,전체,1122,노원구,1462,0.7,5,0.16,0.34,2016,0.66,277.4,87.09,6,53,168,203,807,73,100,286,1142,34,0
2020,어린이사고,1122,노원구,54,0.64,0,0,0,67,0.64,,,,,,,,,,,,,
2020,노인사고,1122,노원구,244,0.69,3,0.22,1.23,258,0.68,,,,,,,,,,,,,
2020,보행자사고,1122,노원구,285,0.78,3,0.27,1.05,293,0.79,,,,,,,,,,,,,
2020,자전거사고,1122,노원구,191,1.48,1,0.51,0.52,200,1.49,,,,,,,,,,,,,
2020,야간사고,1122,노원구,608,0.73,5,0.34,0.82,820,0.67,,,,,,,,,,,,,
2020,어린이보행사고,1122,노원구,11,0.53,0,0,0,11,0.52,,,,,,,,,,,,,
2020,스쿨존내어린이사고,1122,노원구,1,0.21,0,0,0,2,0.39,,,,,,,,,,,,,
2020,고령운전사고,1122,노원구,227,0.73,1,0.14,0.44,296,0.67,,,,,,,,,,,,,
2020,고령보행사고,1122,노원구,77,0.79,2,0.32,2.6,77,0.83,,,,,,,,,,,,,
2020,PM사고,1122,노원구,7,0.78,0,0,0,8,0.81,,,,,,,,,,,,,
2020,뺑소니사고,1122,노원구,32,0.43,0,0,0,44,0.42,,,,,,,,,,,,,
2020,무면허사고,1122,노원구,23,0.43,0,0,0,34,0.45,,,,,,,,,,,,,
2016,전체,1123,광진구,1045,0.47,9,0.21,0.86,1466,0.44,280.84,90.39,0,47,118,138,584,36,81,294,709,42,0
2016,어린이사고,1123,광진구,49,0.44,0,0,0,56,0.39,,,,,,,,,,,,,
2016,노인사고,1123,광진구,113,0.32,3,0.17,2.65,113,0.29,,,,,,,,,,,,,
2016,보행자사고,1123,광진구,300,0.61,4,0.23,1.33,309,0.62,,,,,,,,,,,,,
2016,자전거사고,1123,광진구,62,1.04,0,0,0,66,1.05,,,,,,,,,,,,,
2016,야간사고,1123,광진구,532,0.56,7,0.32,1.32,779,0.55,,,,,,,,,,,,,
2016,어린이보행사고,1123,광진구,22,0.51,0,0,0,22,0.5,,,,,,,,,,,,,
2016,스쿨존내어린이사고,1123,광진구,4,0.83,0,0,0,4,0.78,,,,,,,,,,,,,
2016,고령운전사고,1123,광진구,119,0.49,0,0,0,161,0.45,,,,,,,,,,,,,
2016,고령보행사고,1123,광진구,53,0.46,3,0.35,5.66,50,0.47,,,,,,,,,,,,,
2016,뺑소니사고,1123,광진구,31,0.37,0,0,0,41,0.33,,,,,,,,,,,,,
2016,무면허사고,1123,광진구,13,0.33,0,0,0,17,0.29,,,,,,,,,,,,,
2017,전체,1123,광진구,1064,0.49,16,0.38,1.5,1441,0.45,285.79,90.88,6,31,116,160,600,33,95,283,744,37,0
2017,어린이사고,1123,광진구,42,0.38,0,0,0,45,0.33,,,,,,,,,,,,,
2017,노인사고,1123,광진구,146,0.39,3,0.17,2.05,150,0.37,,,,,,,,,,,,,
2017,보행자사고,1123,광진구,291,0.61,5,0.3,1.72,304,0.64,,,,,,,,,,,,,
2017,자전거사고,1123,광진구,60,1.06,1,0.79,1.67,62,1.05,,,,,,,,,,,,,
2017,야간사고,1123,광진구,534,0.59,8,0.38,1.5,732,0.54,,,,,,,,,,,,,
2017,어린이보행사고,1123,광진구,23,0.57,0,0,0,24,0.59,,,,,,,,,,,,,
2017,스쿨존내어린이사고,1123,광진구,4,0.84,0,0,0,5,1.03,,,,,,,,,,,,,
2017,고령운전사고,1123,광진구,134,0.5,2,0.24,1.49,191,0.49,,,,,,,,,,,,,
2017,고령보행사고,1123,광진구,59,0.49,1,0.11,1.69,58,0.52,,,,,,,,,,,,,
2017,PM사고,1123,광진구,3,2.56,1,25,33.33,3,2.42,,,,,,,,,,,,,
2017,뺑소니사고,1123,광진구,28,0.36,0,0,0,47,0.41,,,,,,,,,,,,,
2017,무면허사고,1123,광진구,27,0.53,0,0,0,35,0.47,,,,,,,,,,,,,
2018,전체,1123,광진구,1108,0.51,10,0.26,0.9,1474,0.46,298.6,93.19,2,34,89,131,682,38,107,266,810,32,0
2018,어린이사고,1123,광진구,43,0.43,0,0,0,51,0.41,,,,,,,,,,,,,
2018,노인사고,1123,광진구,133,0.34,4,0.24,3.01,131,0.31,,,,,,,,,,,,,
2018,보행자사고,1123,광진구,270,0.59,6,0.4,2.22,282,0.61,,,,,,,,,,,,,
2018,자전거사고,1123,광진구,70,1.47,2,2.2,2.86,72,1.43,,,,,,,,,,,,,
2018,야간사고,1123,광진구,539,0.6,2,0.11,0.37,737,0.55,,,,,,,,,,,,,
2018,어린이보행사고,1123,광진구,20,0.56,0,0,0,21,0.57,,,,,,,,,,,,,
2018,스쿨존내어린이사고,1123,광진구,2,0.46,0,0,0,2,0.42,,,,,,,,,,,,,
2018,고령운전사고,1123,광진구,168,0.56,4,0.47,2.38,231,0.53,,,,,,,,,,,,,
2018,고령보행사고,1123,광진구,56,0.47,2,0.24,3.57,54,0.49,,,,,,,,,,,,,
2018,PM사고,1123,광진구,4,1.78,0,0,0,5,2.1,,,,,,,,,,,,,
2018,뺑소니사고,1123,광진구,32,0.42,0,0,0,51,0.46,,,,,,,,,,,,,
2018,무면허사고,1123,광진구,13,0.25,0,0,0,18,0.24,,,,,,,,,,,,,
2019,전체,1123,광진구,973,0.42,3,0.09,0.31,1316,0.39,271.54,82.75,1,16,113,102,549,64,104,260,682,31,0
2019,어린이사고,1123,광진구,45,0.41,0,0,0,54,0.38,,,,,,,,,,,,,
2019,노인사고,1123,광진구,128,0.31,1,0.07,0.78,133,0.3,,,,,,,,,,,,,
2019,보행자사고,1123,광진구,263,0.56,3,0.23,1.14,266,0.56,,,,,,,,,,,,,
2019,자전거사고,1123,광진구,61,1.08,0,0,0,65,1.08,,,,,,,,,,,,,
2019,야간사고,1123,광진구,440,0.48,3,0.19,0.68,623,0.46,,,,,,,,,,,,,
2019,어린이보행사고,1123,광진구,29,0.75,0,0,0,30,0.76,,,,,,,,,,,,,
2019,스쿨존내어린이사고,1123,광진구,6,1.06,0,0,0,6,1.02,,,,,,,,,,,,,
2019,고령운전사고,1123,광진구,146,0.44,0,0,0,192,0.4,,,,,,,,,,,,,
2019,고령보행사고,1123,광진구,42,0.34,1,0.13,2.38,43,0.37,,,,,,,,,,,,,
2019,PM사고,1123,광진구,9,2.01,0,0,0,10,2.11,,,,,,,,,,,,,
2019,뺑소니사고,1123,광진구,29,0.41,1,1.11,3.45,45,0.44,,,,,,,,,,,,,
2019,무면허사고,1123,광진구,16,0.31,0,0,0,22,0.3,,,,,,,,,,,,,
2020,전체,1123,광진구,869,0.41,4,0.13,0.46,1145,0.37,241.32,73.94,3,23,101,131,492,32,62,190,649,30,0
2020,어린이사고,1123,광진구,22,0.26,0,0,0,25,0.24,,,,,,,,,,,,,
2020,노인사고,1123,광진구,102,0.29,2,0.15,1.96,106,0.28,,,,,,,,,,,,,
2020,보행자사고,1123,광진구,193,0.53,3,0.27,1.55,199,0.54,,,,,,,,,,,,,
2020,자전거사고,1123,광진구,81,0.63,0,0,0,85,0.63,,,,,,,,,,,,,
2020,야간사고,1123,광진구,421,0.51,3,0.21,0.71,598,0.49,,,,,,,,,,,,,
2020,어린이보행사고,1123,광진구,11,0.53,0,0,0,12,0.56,,,,,,,,,,,,,
2020,스쿨존내어린이사고,1123,광진구,4,0.83,0,0,0,4,0.79,,,,,,,,,,,,,
2020,고령운전사고,1123,광진구,117,0.38,1,0.14,0.85,151,0.34,,,,,,,,,,,,,
2020,고령보행사고,1123,광진구,31,0.32,2,0.32,6.45,29,0.31,,,,,,,,,,,,,
2020,PM사고,1123,광진구,24,2.68,0,0,0,25,2.54,,,,,,,,,,,,,
2020,뺑소니사고,1123,광진구,31,0.42,0,0,0,52,0.5,,,,,,,,,,,,,
2020,무면허사고,1123,광진구,21,0.4,0,0,0,23,0.3,,,,,,,,,,,,,
2016,전체,1124,강북구,1227,0.56,15,0.35,1.22,1678,0.51,371.03,124.18,1,55,143,139,679,53,124,398,783,46,0
2016,어린이사고,1124,강북구,42,0.37,0,0,0,49,0.34,,,,,,,,,,,,,
2016,노인사고,1124,강북구,216,0.6,8,0.46,3.7,218,0.57,,,,,,,,,,,,,
2016,보행자사고,1124,강북구,406,0.82,8,0.47,1.97,421,0.85,,,,,,,,,,,,,
2016,자전거사고,1124,강북구,41,0.69,1,0.88,2.44,48,0.76,,,,,,,,,,,,,
2016,야간사고,1124,강북구,593,0.62,9,0.42,1.52,856,0.6,,,,,,,,,,,,,
2016,어린이보행사고,1124,강북구,24,0.56,0,0,0,24,0.55,,,,,,,,,,,,,
2016,스쿨존내어린이사고,1124,강북구,5,1.04,0,0,0,5,0.98,,,,,,,,,,,,,
2016,고령운전사고,1124,강북구,162,0.66,5,0.66,3.09,220,0.62,,,,,,,,,,,,,
2016,고령보행사고,1124,강북구,108,0.95,5,0.58,4.63,103,0.96,,,,,,,,,,,,,
2016,뺑소니사고,1124,강북구,25,0.3,0,0,0,52,0.42,,,,,,,,,,,,,
2016,무면허사고,1124,강북구,10,0.25,0,0,0,13,0.22,,,,,,,,,,,,,
2017,전체,1124,강북구,1202,0.56,9,0.22,0.75,1567,0.49,366.46,120.51,2,40,148,118,684,44,125,431,732,39,0
2017,어린이사고,1124,강북구,47,0.43,0,0,0,53,0.39,,,,,,,,,,,,,
2017,노인사고,1124,강북구,200,0.53,2,0.11,1,211,0.52,,,,,,,,,,,,,
2017,보행자사고,1124,강북구,437,0.92,5,0.3,1.14,449,0.94,,,,,,,,,,,,,
2017,자전거사고,1124,강북구,46,0.81,0,0,0,53,0.89,,,,,,,,,,,,,
2017,야간사고,1124,강북구,607,0.67,7,0.33,1.15,806,0.59,,,,,,,,,,,,,
2017,어린이보행사고,1124,강북구,23,0.57,0,0,0,25,0.61,,,,,,,,,,,,,
2017,고령운전사고,1124,강북구,145,0.54,1,0.12,0.69,186,0.48,,,,,,,,,,,,,
2017,고령보행사고,1124,강북구,100,0.83,2,0.22,2,98,0.87,,,,,,,,,,,,,
2017,뺑소니사고,1124,강북구,26,0.33,0,0,0,33,0.29,,,,,,,,,,,,,
2017,무면허사고,1124,강북구,27,0.53,0,0,0,37,0.49,,,,,,,,,,,,,
2018,전체,1124,강북구,1216,0.56,13,0.34,1.07,1633,0.51,376.57,122.65,1,51,159,127,660,39,122,396,778,42,0
2018,어린이사고,1124,강북구,42,0.42,0,0,0,52,0.41,,,,,,,,,,,,,
2018,노인사고,1124,강북구,246,0.64,8,0.48,3.25,249,0.6,,,,,,,,,,,,,
2018,보행자사고,1124,강북구,401,0.87,9,0.61,2.24,407,0.88,,,,,,,,,,,,,
2018,자전거사고,1124,강북구,41,0.86,1,1.1,2.44,41,0.81,,,,,,,,,,,,,
2018,야간사고,1124,강북구,584,0.65,8,0.43,1.37,845,0.63,,,,,,,,,,,,,
2018,어린이보행사고,1124,강북구,14,0.39,0,0,0,15,0.41,,,,,,,,,,,,,
2018,고령운전사고,1124,강북구,204,0.68,4,0.47,1.96,257,0.59,,,,,,,,,,,,,
2018,고령보행사고,1124,강북구,110,0.93,6,0.71,5.45,106,0.95,,,,,,,,,,,,,
2018,PM사고,1124,강북구,1,0.44,0,0,0,1,0.42,,,,,,,,,,,,,
2018,뺑소니사고,1124,강북구,26,0.34,1,0.93,3.85,44,0.4,,,,,,,,,,,,,
2018,무면허사고,1124,강북구,26,0.5,0,0,0,40,0.53,,,,,,,,,,,,,
2019,전체,1124,강북구,1277,0.56,7,0.21,0.55,1706,0.5,404.51,129.97,1,48,150,123,727,34,144,398,827,52,0
2019,어린이사고,1124,강북구,59,0.53,0,0,0,69,0.49,,,,,,,,,,,,,
2019,노인사고,1124,강북구,217,0.53,3,0.2,1.38,226,0.51,,,,,,,,,,,,,
2019,보행자사고,1124,강북구,401,0.86,2,0.15,0.5,410,0.87,,,,,,,,,,,,,
2019,자전거사고,1124,강북구,57,1.01,2,2.53,3.51,62,1.03,,,,,,,,,,,,,
2019,야간사고,1124,강북구,608,0.67,5,0.31,0.82,835,0.62,,,,,,,,,,,,,
2019,어린이보행사고,1124,강북구,22,0.57,0,0,0,22,0.56,,,,,,,,,,,,,
2019,스쿨존내어린이사고,1124,강북구,5,0.88,0,0,0,6,1.02,,,,,,,,,,,,,
2019,고령운전사고,1124,강북구,193,0.58,1,0.13,0.52,257,0.53,,,,,,,,,,,,,
2019,고령보행사고,1124,강북구,99,0.81,2,0.27,2.02,98,0.84,,,,,,,,,,,,,
2019,PM사고,1124,강북구,1,0.22,0,0,0,1,0.21,,,,,,,,,,,,,
2019,뺑소니사고,1124,강북구,20,0.28,0,0,0,27,0.26,,,,,,,,,,,,,
2019,무면허사고,1124,강북구,14,0.27,0,0,0,23,0.31,,,,,,,,,,,,,
2020,전체,1124,강북구,1087,0.52,3,0.1,0.28,1420,0.46,348.88,110.94,3,37,121,148,619,31,91,272,776,39,0
2020,어린이사고,1124,강북구,33,0.39,0,0,0,43,0.41,,,,,,,,,,,,,
2020,노인사고,1124,강북구,161,0.46,0,0,0,171,0.45,,,,,,,,,,,,,
2020,보행자사고,1124,강북구,275,0.75,2,0.18,0.73,284,0.77,,,,,,,,,,,,,
2020,자전거사고,1124,강북구,72,0.56,0,0,0,77,0.57,,,,,,,,,,,,,
2020,야간사고,1124,강북구,481,0.58,1,0.07,0.21,628,0.52,,,,,,,,,,,,,
2020,어린이보행사고,1124,강북구,8,0.38,0,0,0,8,0.37,,,,,,,,,,,,,
2020,스쿨존내어린이사고,1124,강북구,1,0.21,0,0,0,1,0.2,,,,,,,,,,,,,
2020,고령운전사고,1124,강북구,173,0.56,0,0,0,239,0.54,,,,,,,,,,,,,
2020,고령보행사고,1124,강북구,58,0.6,0,0,0,59,0.64,,,,,,,,,,,,,
2020,PM사고,1124,강북구,3,0.33,0,0,0,3,0.3,,,,,,,,,,,,,
2020,뺑소니사고,1124,강북구,18,0.24,0,0,0,25,0.24,,,,,,,,,,,,,
2020,무면허사고,1124,강북구,10,0.19,0,0,0,18,0.24,,,,,,,,,,,,,
2016,전체,1125,금천구,799,0.36,15,0.35,1.88,1133,0.34,313.76,82.75,1,33,111,80,503,6,39,251,524,24,0
2016,어린이사고,1125,금천구,37,0.33,0,0,0,39,0.27,,,,,,,,,,,,,
2016,노인사고,1125,금천구,108,0.3,6,0.35,5.56,109,0.28,,,,,,,,,,,,,
2016,보행자사고,1125,금천구,253,0.51,9,0.53,3.56,256,0.51,,,,,,,,,,,,,
2016,자전거사고,1125,금천구,31,0.52,0,0,0,33,0.52,,,,,,,,,,,,,
2016,야간사고,1125,금천구,408,0.43,4,0.19,0.98,604,0.42,,,,,,,,,,,,,
2016,어린이보행사고,1125,금천구,23,0.54,0,0,0,23,0.52,,,,,,,,,,,,,
2016,스쿨존내어린이사고,1125,금천구,6,1.25,0,0,0,6,1.18,,,,,,,,,,,,,
2016,고령운전사고,1125,금천구,73,0.3,2,0.26,2.74,104,0.29,,,,,,,,,,,,,
2016,고령보행사고,1125,금천구,48,0.42,5,0.58,10.42,44,0.41,,,,,,,,,,,,,
2016,뺑소니사고,1125,금천구,19,0.23,0,0,0,28,0.23,,,,,,,,,,,,,
2016,무면허사고,1125,금천구,8,0.2,0,0,0,10,0.17,,,,,,,,,,,,,
2017,전체,1125,금천구,824,0.38,6,0.14,0.73,1228,0.38,325.06,84,4,23,122,85,473,12,66,250,550,24,0
2017,어린이사고,1125,금천구,44,0.4,0,0,0,51,0.38,,,,,,,,,,,,,
2017,노인사고,1125,금천구,114,0.3,2,0.11,1.75,119,0.29,,,,,,,,,,,,,
2017,보행자사고,1125,금천구,255,0.54,4,0.24,1.57,265,0.56,,,,,,,,,,,,,
2017,자전거사고,1125,금천구,26,0.46,0,0,0,27,0.46,,,,,,,,,,,,,
2017,야간사고,1125,금천구,409,0.45,1,0.05,0.24,626,0.46,,,,,,,,,,,,,
2017,어린이보행사고,1125,금천구,18,0.45,0,0,0,18,0.44,,,,,,,,,,,,,
2017,고령운전사고,1125,금천구,89,0.33,2,0.24,2.25,120,0.31,,,,,,,,,,,,,
2017,고령보행사고,1125,금천구,49,0.41,1,0.11,2.04,48,0.43,,,,,,,,,,,,,
2017,뺑소니사고,1125,금천구,25,0.32,0,0,0,41,0.36,,,,,,,,,,,,,
2017,무면허사고,1125,금천구,21,0.41,0,0,0,24,0.32,,,,,,,,,,,,,
2018,전체,1125,금천구,932,0.43,6,0.16,0.64,1326,0.41,366.9,94.52,1,29,117,105,565,13,58,266,629,37,0
2018,어린이사고,1125,금천구,26,0.26,0,0,0,36,0.29,,,,,,,,,,,,,
2018,노인사고,1125,금천구,143,0.37,3,0.18,2.1,148,0.35,,,,,,,,,,,,,
2018,보행자사고,1125,금천구,269,0.59,5,0.34,1.86,275,0.59,,,,,,,,,,,,,
2018,자전거사고,1125,금천구,25,0.52,0,0,0,26,0.52,,,,,,,,,,,,,
2018,야간사고,1125,금천구,472,0.52,4,0.21,0.85,659,0.49,,,,,,,,,,,,,
2018,어린이보행사고,1125,금천구,7,0.2,0,0,0,7,0.19,,,,,,,,,,,,,
2018,스쿨존내어린이사고,1125,금천구,1,0.23,0,0,0,1,0.21,,,,,,,,,,,,,
2018,고령운전사고,1125,금천구,127,0.42,1,0.12,0.79,165,0.38,,,,,,,,,,,,,
2018,고령보행사고,1125,금천구,68,0.58,3,0.36,4.41,66,0.59,,,,,,,,,,,,,
2018,뺑소니사고,1125,금천구,36,0.47,0,0,0,46,0.41,,,,,,,,,,,,,
2018,무면허사고,1125,금천구,13,0.25,0,0,0,16,0.21,,,,,,,,,,,,,
2019,전체,1125,금천구,920,0.4,9,0.27,0.98,1353,0.4,373.11,92.79,2,32,133,102,547,6,59,259,626,35,0
2019,어린이사고,1125,금천구,30,0.27,0,0,0,32,0.23,,,,,,,,,,,,,
2019,노인사고,1125,금천구,140,0.34,3,0.2,2.14,148,0.33,,,,,,,,,,,,,
2019,보행자사고,1125,금천구,265,0.57,5,0.38,1.89,270,0.57,,,,,,,,,,,,,
2019,자전거사고,1125,금천구,40,0.71,1,1.27,2.5,48,0.8,,,,,,,,,,,,,
2019,야간사고,1125,금천구,451,0.5,4,0.25,0.89,698,0.52,,,,,,,,,,,,,
2019,어린이보행사고,1125,금천구,18,0.47,0,0,0,18,0.46,,,,,,,,,,,,,
2019,스쿨존내어린이사고,1125,금천구,1,0.18,0,0,0,1,0.17,,,,,,,,,,,,,
2019,고령운전사고,1125,금천구,125,0.38,2,0.26,1.6,172,0.36,,,,,,,,,,,,,
2019,고령보행사고,1125,금천구,54,0.44,2,0.27,3.7,52,0.45,,,,,,,,,,,,,
2019,PM사고,1125,금천구,5,1.12,0,0,0,5,1.06,,,,,,,,,,,,,
2019,뺑소니사고,1125,금천구,30,0.42,0,0,0,40,0.39,,,,,,,,,,,,,
2019,무면허사고,1125,금천구,24,0.46,0,0,0,31,0.42,,,,,,,,,,,,,
2020,전체,1125,금천구,810,0.39,6,0.19,0.74,1084,0.35,326.83,80.76,0,26,122,78,491,9,48,197,563,50,0
2020,어린이사고,1125,금천구,20,0.24,0,0,0,23,0.22,,,,,,,,,,,,,
2020,노인사고,1125,금천구,130,0.37,4,0.3,3.08,133,0.35,,,,,,,,,,,,,
2020,보행자사고,1125,금천구,201,0.55,3,0.27,1.49,206,0.56,,,,,,,,,,,,,
2020,자전거사고,1125,금천구,54,0.42,1,0.51,1.85,60,0.45,,,,,,,,,,,,,
2020,야간사고,1125,금천구,393,0.47,5,0.34,1.27,518,0.42,,,,,,,,,,,,,
2020,어린이보행사고,1125,금천구,7,0.34,0,0,0,7,0.33,,,,,,,,,,,,,
2020,스쿨존내어린이사고,1125,금천구,1,0.21,0,0,0,1,0.2,,,,,,,,,,,,,
2020,고령운전사고,1125,금천구,112,0.36,2,0.28,1.79,130,0.29,,,,,,,,,,,,,
2020,고령보행사고,1125,금천구,53,0.54,2,0.32,3.77,54,0.58,,,,,,,,,,,,,
2020,PM사고,1125,금천구,7,0.78,0,0,0,10,1.02,,,,,,,,,,,,,
2020,뺑소니사고,1125,금천구,34,0.46,0,0,0,42,0.4,,,,,,,,,,,,,
2020,무면허사고,1125,금천구,15,0.28,0,0,0,21,0.28,,,,,,,,,,,,,
